"Name","Self Time","Self Time (CPU)","Total Time","Total Time (CPU)","Invocations"
"java.lang.String.charAt (int)","176 ms (4.5%)","95.4 ms (7.4%)","506 ms (3.2%)","219 ms (3.2%)","235,372"
"org.springframework.samples.petclinic.owner.PetController.findOwner (int)","78.9 ms (2%)","76.3 ms (5.9%)","148 ms (0.9%)","144 ms (2.1%)","12"
"org.springframework.samples.petclinic.owner.VisitController.loadPetWithVisit (int, int, java.util.Map)","73.9 ms (1.9%)","69.2 ms (5.4%)","164 ms (1%)","153 ms (2.2%)","8"
"java.lang.StringLatin1.charAt (byte[], int)","189 ms (4.9%)","62.7 ms (4.9%)","297 ms (1.9%)","93.6 ms (1.3%)","235,372"
"org.springframework.samples.petclinic.owner.PetController.populatePetTypes ()","69.2 ms (1.8%)","62.5 ms (4.9%)","120 ms (0.8%)","108 ms (1.6%)","12"
"org.springframework.samples.petclinic.owner.OwnerController.findOwner (Integer)","87.7 ms (2.3%)","62.3 ms (4.8%)","121 ms (0.8%)","95.4 ms (1.4%)","23"
"org.springframework.samples.petclinic.owner.PetTypeFormatter.parse (String, java.util.Locale)","46.6 ms (1.2%)","43.5 ms (3.4%)","87.5 ms (0.5%)","84.0 ms (1.2%)","45"
"java.lang.String.isLatin1 ()","39.9 ms (1%)","38.1 ms (3%)","39.9 ms (0.2%)","38.1 ms (0.5%)","274,218"
"org.springframework.samples.petclinic.vet.VetController.findPaginated (int)","1,279 ms (33%)","35.1 ms (2.7%)","1,823 ms (11.4%)","344 ms (4.9%)","2"
"org.springframework.samples.petclinic.owner.OwnerController.findPaginatedForOwnersLastName (int, String)","486 ms (12.5%)","34.1 ms (2.6%)","943 ms (5.9%)","182 ms (2.6%)","5"
"java.lang.String.length ()","60.1 ms (1.5%)","33.0 ms (2.6%)","78.3 ms (0.5%)","49.7 ms (0.7%)","119,651"
"java.lang.String.checkIndex (int, int)","109 ms (2.8%)","32.9 ms (2.6%)","110 ms (0.7%)","33.1 ms (0.5%)","239,805"
"java.util.ArrayList$Itr.next ()","32.6 ms (0.8%)","29.4 ms (2.3%)","47.5 ms (0.3%)","43.8 ms (0.6%)","26,688"
"java.lang.String.coder ()","25.7 ms (0.7%)","24.3 ms (1.9%)","25.7 ms (0.2%)","24.3 ms (0.3%)","167,362"
"java.util.ArrayList$Itr.hasNext ()","20.3 ms (0.5%)","19.7 ms (1.5%)","20.3 ms (0.1%)","19.7 ms (0.3%)","36,098"
"java.net.URL.openConnection ()","29.9 ms (0.8%)","19.3 ms (1.5%)","322 ms (2%)","137 ms (2%)","1,123"
"jdk.internal.loader.URLClassPath$Loader.getResource (String, boolean)","19.1 ms (0.5%)","17.1 ms (1.3%)","610 ms (3.8%)","325 ms (4.7%)","1,078"
"org.springframework.samples.petclinic.owner.PetController.processCreationForm (org.springframework.samples.petclinic.owner.Owner, org.springframework.samples.petclinic.owner.Pet, org.springframework.validation.BindingResult, org.springframework.ui.ModelMap, org.springframework.web.servlet.mvc.support.RedirectAttributes)","17.5 ms (0.5%)","17.0 ms (1.3%)","33.7 ms (0.2%)","32.8 ms (0.5%)","5"
"java.util.HashMap.hash (Object)","15.7 ms (0.4%)","14.8 ms (1.1%)","17.8 ms (0.1%)","16.9 ms (0.2%)","21,574"
"java.util.ArrayList$Itr.checkForComodification ()","14.8 ms (0.4%)","14.3 ms (1.1%)","14.8 ms (0.1%)","14.3 ms (0.2%)","26,690"
"org.springframework.samples.petclinic.owner.VisitController.processNewVisitForm (org.springframework.samples.petclinic.owner.Owner, int, org.springframework.samples.petclinic.owner.Visit, org.springframework.validation.BindingResult, org.springframework.web.servlet.mvc.support.RedirectAttributes)","15.4 ms (0.4%)","13.4 ms (1%)","25.4 ms (0.2%)","23.2 ms (0.3%)","4"
"org.springframework.samples.petclinic.owner.OwnerController.showOwner (int)","13.7 ms (0.4%)","11.4 ms (0.9%)","20.1 ms (0.1%)","17.6 ms (0.3%)","12"
"java.util.HashMap.put (Object, Object)","11.8 ms (0.3%)","11.2 ms (0.9%)","33.0 ms (0.2%)","31.7 ms (0.5%)","8,374"
"java.util.ArrayList.add (Object)","11.2 ms (0.3%)","11.0 ms (0.9%)","27.0 ms (0.2%)","26.0 ms (0.4%)","10,641"
"java.lang.ref.Reference.refersTo (Object)","11.3 ms (0.3%)","11.0 ms (0.9%)","17.5 ms (0.1%)","16.8 ms (0.2%)","11,896"
"org.springframework.samples.petclinic.owner.OwnerController.processUpdateOwnerForm (org.springframework.samples.petclinic.owner.Owner, org.springframework.validation.BindingResult, int, org.springframework.web.servlet.mvc.support.RedirectAttributes)","11.3 ms (0.3%)","10.9 ms (0.9%)","21.0 ms (0.1%)","20.5 ms (0.3%)","1"
"java.util.ArrayList.iterator ()","11.1 ms (0.3%)","10.7 ms (0.8%)","11.1 ms (0.1%)","10.7 ms (0.2%)","17,798"
"java.util.HashMap.putVal (int, Object, Object, boolean, boolean)","10.5 ms (0.3%)","10.5 ms (0.8%)","17.5 ms (0.1%)","17.4 ms (0.3%)","10,320"
"java.util.concurrent.ConcurrentHashMap.computeIfAbsent (Object, java.util.function.Function)","10.3 ms (0.3%)","9.67 ms (0.7%)","109 ms (0.7%)","71.0 ms (1%)","2,325"
"java.lang.String.equals (Object)","9.51 ms (0.2%)","9.13 ms (0.7%)","12.2 ms (0.1%)","11.6 ms (0.2%)","24,968"
"sun.net.www.ParseUtil.firstEncodeIndex (String)","9.52 ms (0.2%)","8.83 ms (0.7%)","69.7 ms (0.4%)","64.0 ms (0.9%)","1,078"
"java.util.ArrayList.get (int)","8.43 ms (0.2%)","8.45 ms (0.7%)","14.2 ms (0.1%)","13.7 ms (0.2%)","6,872"
"java.util.Objects.requireNonNull (Object)","8.74 ms (0.2%)","8.31 ms (0.6%)","8.74 ms (0.1%)","8.31 ms (0.1%)","19,732"
"org.springframework.samples.petclinic.owner.PetController.findPet (int, Integer)","8.34 ms (0.2%)","8.20 ms (0.6%)","17.6 ms (0.1%)","17.4 ms (0.3%)","12"
"java.util.ArrayList.add (Object, Object[], int)","7.36 ms (0.2%)","7.9 ms (0.5%)","15.7 ms (0.1%)","14.8 ms (0.2%)","10,641"
"java.lang.ClassLoader.defineClass (String, byte[], int, int, java.security.ProtectionDomain)","7.57 ms (0.2%)","7.7 ms (0.5%)","68.2 ms (0.4%)","53.4 ms (0.8%)","45"
"org.springframework.samples.petclinic.owner.OwnerController.processCreationForm (org.springframework.samples.petclinic.owner.Owner, org.springframework.validation.BindingResult, org.springframework.web.servlet.mvc.support.RedirectAttributes)","6.47 ms (0.2%)","6.29 ms (0.5%)","14.3 ms (0.1%)","13.9 ms (0.2%)","1"
"java.lang.String.substring (int, int)","5.98 ms (0.2%)","5.84 ms (0.5%)","64.3 ms (0.4%)","17.1 ms (0.2%)","8,155"
"java.lang.String.hashCode ()","6.32 ms (0.2%)","5.75 ms (0.4%)","8.52 ms (0.1%)","7.84 ms (0.1%)","17,598"
"java.lang.ref.Reference.refersToImpl (Object)","6.15 ms (0.2%)","5.73 ms (0.4%)","6.15 ms (0%)","5.73 ms (0.1%)","11,896"
"java.lang.String.regionMatches (boolean, int, String, int, int)","6.70 ms (0.2%)","5.68 ms (0.4%)","45.8 ms (0.3%)","19.3 ms (0.3%)","7,872"
"java.util.ArrayList.grow (int)","5.71 ms (0.1%)","5.51 ms (0.4%)","9.29 ms (0.1%)","9.5 ms (0.1%)","4,603"
"java.lang.CharacterDataLatin1.getProperties (int)","5.45 ms (0.1%)","5.30 ms (0.4%)","5.45 ms (0%)","5.30 ms (0.1%)","33,083"
"java.lang.AbstractStringBuilder.append (char)","5.42 ms (0.1%)","5.17 ms (0.4%)","37.0 ms (0.2%)","9.59 ms (0.1%)","2,592"
"org.springframework.samples.petclinic.owner.PetController.processUpdateForm (org.springframework.samples.petclinic.owner.Pet, org.springframework.validation.BindingResult, org.springframework.samples.petclinic.owner.Owner, org.springframework.ui.ModelMap, org.springframework.web.servlet.mvc.support.RedirectAttributes)","6.9 ms (0.2%)","5.6 ms (0.4%)","10.0 ms (0.1%)","9.1 ms (0.1%)","2"
"java.lang.Math.min (int, int)","4.92 ms (0.1%)","4.79 ms (0.4%)","4.92 ms (0%)","4.79 ms (0.1%)","11,173"
"java.util.concurrent.ConcurrentHashMap.get (Object)","28.8 ms (0.7%)","4.70 ms (0.4%)","62.4 ms (0.4%)","9.4 ms (0.1%)","2,950"
"java.util.Arrays.copyOf (Object[], int, Class)","4.39 ms (0.1%)","4.29 ms (0.3%)","6.41 ms (0%)","6.22 ms (0.1%)","3,275"
"java.lang.String.startsWith (String, int)","4.41 ms (0.1%)","4.20 ms (0.3%)","11.0 ms (0.1%)","10.4 ms (0.1%)","6,501"
"java.lang.Integer.valueOf (int)","3.96 ms (0.1%)","3.76 ms (0.3%)","3.96 ms (0%)","3.76 ms (0.1%)","6,991"
"jdk.internal.loader.Resource.getBytes ()","11.7 ms (0.3%)","3.57 ms (0.3%)","15.9 ms (0.1%)","7.55 ms (0.1%)","45"
"java.util.Arrays.copyOf (Object[], int)","3.46 ms (0.1%)","3.55 ms (0.3%)","9.4 ms (0.1%)","8.90 ms (0.1%)","2,860"
"java.time.Instant.ofEpochSecond (long, long)","3.44 ms (0.1%)","3.38 ms (0.3%)","6.53 ms (0%)","6.9 ms (0.1%)","1,108"
"java.util.concurrent.ConcurrentHashMap.tabAt (java.util.concurrent.ConcurrentHashMap.Node[], int)","3.22 ms (0.1%)","3.29 ms (0.3%)","5.15 ms (0%)","4.68 ms (0.1%)","6,733"
"java.util.HashMap.getNode (Object)","3.52 ms (0.1%)","3.26 ms (0.3%)","8.96 ms (0.1%)","8.61 ms (0.1%)","5,062"
"java.util.HashSet.iterator ()","3.19 ms (0.1%)","3.16 ms (0.2%)","5.59 ms (0%)","5.56 ms (0.1%)","2,867"
"java.util.Objects.checkIndex (int, int)","3.22 ms (0.1%)","3.14 ms (0.2%)","3.31 ms (0%)","3.22 ms (0%)","8,026"
"java.util.Arrays.copyOfRange (byte[], int, int)","3.12 ms (0.1%)","3.6 ms (0.2%)","3.56 ms (0%)","3.51 ms (0.1%)","8,860"
"java.util.Collections$EmptyList.iterator ()","3.20 ms (0.1%)","3.5 ms (0.2%)","4.63 ms (0%)","4.44 ms (0.1%)","2,559"
"java.util.HashMap$KeyIterator.next ()","3.10 ms (0.1%)","3.3 ms (0.2%)","4.81 ms (0%)","4.73 ms (0.1%)","5,738"
"java.lang.Math.max (int, int)","3.10 ms (0.1%)","3.2 ms (0.2%)","3.10 ms (0%)","3.2 ms (0%)","6,015"
"java.util.HashMap$HashIterator.hasNext ()","2.88 ms (0.1%)","2.94 ms (0.2%)","2.88 ms (0%)","2.94 ms (0%)","9,997"
"java.util.ArrayList.grow ()","3.28 ms (0.1%)","2.84 ms (0.2%)","8.38 ms (0.1%)","7.77 ms (0.1%)","2,632"
"java.lang.String.indexOf (int, int)","2.94 ms (0.1%)","2.80 ms (0.2%)","8.96 ms (0.1%)","8.32 ms (0.1%)","6,537"
"java.lang.StringLatin1.canEncode (int)","29.9 ms (0.8%)","2.76 ms (0.2%)","29.9 ms (0.2%)","2.76 ms (0%)","12,791"
"org.springframework.samples.petclinic.owner.OwnerController.initUpdateOwnerForm (int, org.springframework.ui.Model)","2.63 ms (0.1%)","2.66 ms (0.2%)","4.76 ms (0%)","4.76 ms (0.1%)","1"
"java.util.ArrayList.elementData (int)","3.2 ms (0.1%)","2.64 ms (0.2%)","3.2 ms (0%)","2.64 ms (0%)","7,030"
"java.util.HashMap.newNode (int, Object, Object, java.util.HashMap.Node)","2.64 ms (0.1%)","2.63 ms (0.2%)","2.64 ms (0%)","2.63 ms (0%)","5,949"
"java.lang.Character.getType (int)","2.73 ms (0.1%)","2.61 ms (0.2%)","6.93 ms (0%)","5.58 ms (0.1%)","6,738"
"java.lang.StringBuilder.append (char)","2.68 ms (0.1%)","2.58 ms (0.2%)","39.7 ms (0.2%)","12.1 ms (0.2%)","2,592"
"java.lang.StringLatin1.equals (byte[], byte[])","2.67 ms (0.1%)","2.57 ms (0.2%)","2.67 ms (0%)","2.57 ms (0%)","12,487"
"java.lang.AbstractStringBuilder.append (String)","2.67 ms (0.1%)","2.56 ms (0.2%)","12.1 ms (0.1%)","11.4 ms (0.2%)","2,088"
"java.lang.StringLatin1.indexOf (byte[], int, int)","2.71 ms (0.1%)","2.54 ms (0.2%)","5.6 ms (0%)","4.55 ms (0.1%)","6,537"
"java.lang.CharacterData.of (int)","2.63 ms (0.1%)","2.50 ms (0.2%)","2.63 ms (0%)","2.50 ms (0%)","12,553"
"java.lang.String.checkBoundsBeginEnd (int, int, int)","24.8 ms (0.6%)","2.43 ms (0.2%)","26.1 ms (0.2%)","3.54 ms (0.1%)","8,155"
"java.util.HashMap.get (Object)","2.32 ms (0.1%)","2.31 ms (0.2%)","9.99 ms (0.1%)","9.66 ms (0.1%)","4,314"
"java.lang.String.getBytes (byte[], int, byte)","2.26 ms (0.1%)","2.28 ms (0.2%)","3.23 ms (0%)","3.14 ms (0%)","4,871"
"java.util.HashSet.add (Object)","2.42 ms (0.1%)","2.26 ms (0.2%)","11.0 ms (0.1%)","10.8 ms (0.2%)","2,437"
"java.lang.AbstractStringBuilder.ensureCapacityInternal (int)","2.26 ms (0.1%)","2.24 ms (0.2%)","3.62 ms (0%)","3.59 ms (0.1%)","4,843"
"java.lang.String.equalsIgnoreCase (String)","2.22 ms (0.1%)","2.21 ms (0.2%)","35.7 ms (0.2%)","10.4 ms (0.1%)","4,782"
"java.lang.StringConcatHelper.simpleConcat (Object, Object)","2.33 ms (0.1%)","2.21 ms (0.2%)","10.4 ms (0.1%)","9.74 ms (0.1%)","1,257"
"java.lang.StringLatin1.regionMatchesCI (byte[], int, byte[], int, int)","25.5 ms (0.7%)","2.21 ms (0.2%)","28.8 ms (0.2%)","5.17 ms (0.1%)","6,794"
"java.net.URL.isValidProtocol (String)","2.40 ms (0.1%)","2.14 ms (0.2%)","44.0 ms (0.3%)","16.7 ms (0.2%)","1,123"
"java.lang.CharacterDataLatin1.toUpperCase (int)","2.30 ms (0.1%)","2.8 ms (0.2%)","3.45 ms (0%)","3.16 ms (0%)","8,838"
"java.lang.CharacterDataLatin1.toLowerCase (int)","24.4 ms (0.6%)","2.7 ms (0.2%)","25.5 ms (0.2%)","3.14 ms (0%)","7,505"
"java.lang.StringBuilder.toString ()","2.29 ms (0.1%)","2.5 ms (0.2%)","3.75 ms (0%)","3.40 ms (0%)","1,229"
"java.lang.StringLatin1.newString (byte[], int, int)","26.1 ms (0.7%)","2.4 ms (0.2%)","27.4 ms (0.2%)","3.19 ms (0%)","5,866"
"java.lang.String.compareTo (String)","2.8 ms (0.1%)","2.0 ms (0.2%)","7.42 ms (0%)","6.75 ms (0.1%)","1,065"
"java.time.temporal.ChronoField.checkValidValue (long)","1.95 ms (0.1%)","1.98 ms (0.2%)","4.86 ms (0%)","4.80 ms (0.1%)","1,465"
"java.util.concurrent.locks.AbstractQueuedSynchronizer.release (int)","1.98 ms (0.1%)","1.93 ms (0.1%)","3.82 ms (0%)","3.20 ms (0%)","1,373"
"java.time.Clock.currentInstant ()","1.82 ms (0%)","1.84 ms (0.1%)","8.39 ms (0.1%)","7.94 ms (0.1%)","1,108"
"java.time.temporal.ValueRange.checkValidValue (long, java.time.temporal.TemporalField)","1.91 ms (0%)","1.83 ms (0.1%)","2.87 ms (0%)","2.80 ms (0%)","1,465"
"java.lang.AbstractStringBuilder.putStringAt (int, String)","1.91 ms (0%)","1.80 ms (0.1%)","5.84 ms (0%)","5.41 ms (0.1%)","2,088"
"java.util.HashMap$HashIterator.nextNode ()","1.82 ms (0%)","1.79 ms (0.1%)","1.82 ms (0%)","1.79 ms (0%)","6,524"
"java.lang.String.startsWith (String)","1.70 ms (0%)","1.73 ms (0.1%)","12.7 ms (0.1%)","12.1 ms (0.2%)","6,501"
"java.lang.AbstractStringBuilder.isLatin1 ()","1.75 ms (0%)","1.73 ms (0.1%)","1.75 ms (0%)","1.73 ms (0%)","4,004"
"java.lang.StringLatin1.toLowerCase (String, byte[], java.util.Locale)","1.78 ms (0%)","1.72 ms (0.1%)","27.2 ms (0.2%)","4.78 ms (0.1%)","2,450"
"java.net.URL.isBuiltinStreamHandler (java.net.URLStreamHandler)","1.69 ms (0%)","1.71 ms (0.1%)","13.2 ms (0.1%)","10.3 ms (0.1%)","2,200"
"java.util.ArrayList.addAll (java.util.Collection)","1.84 ms (0%)","1.67 ms (0.1%)","6.20 ms (0%)","5.99 ms (0.1%)","933"
"java.lang.System.getSecurityManager ()","1.60 ms (0%)","1.64 ms (0.1%)","2.41 ms (0%)","2.36 ms (0%)","6,259"
"java.lang.StringLatin1.compareTo (byte[], byte[], int, int)","1.88 ms (0%)","1.63 ms (0.1%)","3.17 ms (0%)","2.88 ms (0%)","998"
"java.net.URLStreamHandler.parseURL (java.net.URL, String, int, int)","1.82 ms (0%)","1.62 ms (0.1%)","40.3 ms (0.3%)","16.1 ms (0.2%)","1,123"
"java.lang.String.isEmpty ()","1.63 ms (0%)","1.59 ms (0.1%)","1.63 ms (0%)","1.59 ms (0%)","12,008"
"java.util.Collections.emptyIterator ()","1.61 ms (0%)","1.58 ms (0.1%)","1.61 ms (0%)","1.58 ms (0%)","3,842"
"java.util.Collections$EmptyIterator.hasNext ()","1.58 ms (0%)","1.54 ms (0.1%)","1.58 ms (0%)","1.54 ms (0%)","3,842"
"java.lang.CharacterDataLatin1.getType (int)","2.51 ms (0.1%)","1.53 ms (0.1%)","3.36 ms (0%)","2.29 ms (0%)","6,738"
"java.util.IdentityHashMap.put (Object, Object)","1.58 ms (0%)","1.51 ms (0.1%)","2.49 ms (0%)","2.39 ms (0%)","754"
"java.util.IdentityHashMap.hash (Object, int)","1.52 ms (0%)","1.51 ms (0.1%)","1.52 ms (0%)","1.51 ms (0%)","2,473"
"java.util.concurrent.locks.ReentrantLock.lock ()","1.49 ms (0%)","1.50 ms (0.1%)","5.15 ms (0%)","5.9 ms (0.1%)","1,356"
"jdk.internal.misc.Unsafe.getReferenceAcquire (Object, long)","1.73 ms (0%)","1.46 ms (0.1%)","1.73 ms (0%)","1.46 ms (0%)","6,279"
"java.util.concurrent.locks.ReentrantLock.unlock ()","1.46 ms (0%)","1.46 ms (0.1%)","5.31 ms (0%)","4.69 ms (0.1%)","1,373"
"java.util.HashMap.resize ()","1.38 ms (0%)","1.43 ms (0.1%)","1.38 ms (0%)","1.43 ms (0%)","2,786"
"java.util.concurrent.locks.ReentrantLock$Sync.lock ()","1.43 ms (0%)","1.42 ms (0.1%)","3.63 ms (0%)","3.57 ms (0.1%)","1,356"
"java.util.concurrent.locks.ReentrantLock$NonfairSync.initialTryLock ()","1.44 ms (0%)","1.40 ms (0.1%)","2.15 ms (0%)","2.12 ms (0%)","1,356"
"java.util.concurrent.ConcurrentHashMap.spread (int)","30.5 ms (0.8%)","1.35 ms (0.1%)","30.5 ms (0.2%)","1.35 ms (0%)","5,964"
"java.lang.Character.isLetterOrDigit (char)","1.48 ms (0%)","1.35 ms (0.1%)","8.68 ms (0.1%)","7.18 ms (0.1%)","5,615"
"java.util.zip.Inflater.inflate (byte[], int, int)","1.36 ms (0%)","1.35 ms (0.1%)","1.41 ms (0%)","1.40 ms (0%)","114"
"java.lang.StringBuilder.append (String)","1.34 ms (0%)","1.34 ms (0.1%)","13.5 ms (0.1%)","12.7 ms (0.2%)","2,088"
"java.net.URLStreamHandler.setURL (java.net.URL, String, String, int, String, String, String, String, String)","1.37 ms (0%)","1.33 ms (0.1%)","15.3 ms (0.1%)","12.3 ms (0.2%)","2,200"
"java.time.LocalDateTime.plusWithOverflow (java.time.LocalDate, long, long, long, long, int)","1.30 ms (0%)","1.28 ms (0.1%)","3.48 ms (0%)","3.42 ms (0%)","238"
"java.lang.StringConcatHelper.mix (long, String)","1.40 ms (0%)","1.28 ms (0.1%)","2.90 ms (0%)","2.67 ms (0%)","2,478"
"java.lang.Character.isLetterOrDigit (int)","1.35 ms (0%)","1.27 ms (0.1%)","7.18 ms (0%)","5.81 ms (0.1%)","5,615"
"java.lang.AbstractStringBuilder.inflateIfNeededFor (String)","1.43 ms (0%)","1.27 ms (0.1%)","2.4 ms (0%)","1.81 ms (0%)","2,088"
"java.lang.StringLatin1.hashCode (byte[])","1.25 ms (0%)","1.26 ms (0.1%)","1.25 ms (0%)","1.26 ms (0%)","5,020"
"org.springframework.samples.petclinic.vet.Vet.getSpecialties ()","291 ms (7.5%)","1.26 ms (0.1%)","321 ms (2%)","29.3 ms (0.4%)","10"
"java.lang.StringLatin1.indexOfChar (byte[], int, int, int)","1.25 ms (0%)","1.25 ms (0.1%)","1.25 ms (0%)","1.25 ms (0%)","5,459"
"java.lang.String.toLowerCase (java.util.Locale)","1.29 ms (0%)","1.24 ms (0.1%)","28.9 ms (0.2%)","6.38 ms (0.1%)","2,450"
"java.util.IdentityHashMap.maskNull (Object)","1.23 ms (0%)","1.20 ms (0.1%)","1.23 ms (0%)","1.20 ms (0%)","2,471"
"java.lang.Throwable.fillInStackTrace ()","1.21 ms (0%)","1.19 ms (0.1%)","1.21 ms (0%)","1.19 ms (0%)","52"
"java.lang.Class.getClassLoader ()","1.25 ms (0%)","1.19 ms (0.1%)","2.60 ms (0%)","2.57 ms (0%)","3,713"
"org.springframework.samples.petclinic.owner.OwnerController.processFindForm (int, org.springframework.samples.petclinic.owner.Owner, org.springframework.validation.BindingResult, org.springframework.ui.Model)","1.52 ms (0%)","1.15 ms (0.1%)","948 ms (5.9%)","185 ms (2.7%)","5"
"jdk.internal.util.Preconditions.checkFromToIndex (int, int, int, java.util.function.BiFunction)","1.18 ms (0%)","1.13 ms (0.1%)","1.18 ms (0%)","1.13 ms (0%)","8,159"
"java.util.concurrent.ConcurrentLinkedQueue.offer (Object)","1.23 ms (0%)","1.12 ms (0.1%)","1.61 ms (0%)","1.50 ms (0%)","113"
"java.util.concurrent.ConcurrentHashMap.putVal (Object, Object, boolean)","1.12 ms (0%)","1.7 ms (0.1%)","24.4 ms (0.2%)","2.33 ms (0%)","383"
"java.util.HashMap$KeySet.iterator ()","0.995 ms (0%)","1.6 ms (0.1%)","0.995 ms (0%)","1.6 ms (0%)","2,516"
"java.lang.String.regionMatches (int, String, int, int)","1.13 ms (0%)","1.4 ms (0.1%)","2.33 ms (0%)","2.16 ms (0%)","1,078"
"java.lang.ClassLoader.loadClass (String)","1.71 ms (0%)","1.1 ms (0.1%)","653 ms (4.1%)","358 ms (5.1%)","48"
"java.lang.StringLatin1.getChar (byte[], int)","1.2 ms (0%)","1.1 ms (0.1%)","1.2 ms (0%)","1.1 ms (0%)","2,255"
"java.time.temporal.ValueRange.isValidValue (long)","0.935 ms (0%)","0.964 ms (0.1%)","0.935 ms (0%)","0.964 ms (0%)","1,465"
"java.util.LinkedHashMap.afterNodeInsertion (boolean)","0.875 ms (0%)","0.936 ms (0.1%)","1.31 ms (0%)","1.30 ms (0%)","1,021"
"java.util.LinkedHashMap.newNode (int, Object, Object, java.util.HashMap.Node)","0.882 ms (0%)","0.932 ms (0.1%)","1.29 ms (0%)","1.31 ms (0%)","1,021"
"java.lang.StringLatin1.compareTo (byte[], byte[])","0.955 ms (0%)","0.922 ms (0.1%)","4.14 ms (0%)","3.82 ms (0.1%)","998"
"java.lang.ClassLoader.getPlatformClassLoader ()","0.940 ms (0%)","0.899 ms (0.1%)","2.62 ms (0%)","2.48 ms (0%)","2,277"
"java.lang.StringConcatHelper.prepend (long, byte[], String)","1.1 ms (0%)","0.893 ms (0.1%)","27.1 ms (0.2%)","2.87 ms (0%)","2,505"
"java.time.Instant.create (long, int)","1.14 ms (0%)","0.892 ms (0.1%)","1.14 ms (0%)","0.892 ms (0%)","1,117"
"java.util.Collections$UnmodifiableCollection$1.hasNext ()","0.920 ms (0%)","0.881 ms (0.1%)","1.30 ms (0%)","1.23 ms (0%)","1,950"
"java.lang.Math.floorDiv (long, long)","0.894 ms (0%)","0.877 ms (0.1%)","0.894 ms (0%)","0.877 ms (0%)","1,591"
"java.lang.StringLatin1.indexOf (byte[], int, byte[], int, int)","0.897 ms (0%)","0.874 ms (0.1%)","0.897 ms (0%)","0.874 ms (0%)","2,047"
"java.lang.String.toLowerCase ()","0.936 ms (0%)","0.858 ms (0.1%)","3.50 ms (0%)","3.23 ms (0%)","1,254"
"org.springframework.samples.petclinic.owner.OwnerController.setAllowedFields (org.springframework.web.bind.WebDataBinder)","0.903 ms (0%)","0.854 ms (0.1%)","3.23 ms (0%)","3.7 ms (0%)","67"
"java.lang.StringLatin1.replace (byte[], char, char)","0.807 ms (0%)","0.850 ms (0.1%)","1.84 ms (0%)","1.78 ms (0%)","591"
"java.util.HashMap.keySet ()","0.859 ms (0%)","0.845 ms (0.1%)","0.859 ms (0%)","0.845 ms (0%)","2,516"
"java.util.ArrayList.toArray ()","0.857 ms (0%)","0.843 ms (0.1%)","3.8 ms (0%)","3.4 ms (0%)","726"
"jdk.internal.loader.URLClassPath.getResource (String, boolean)","0.849 ms (0%)","0.838 ms (0.1%)","614 ms (3.8%)","328 ms (4.7%)","90"
"java.lang.Class.getName ()","2.68 ms (0.1%)","0.837 ms (0.1%)","2.68 ms (0%)","0.837 ms (0%)","3,893"
"java.net.URL.lowerCaseProtocol (String)","0.865 ms (0%)","0.830 ms (0.1%)","28.6 ms (0.2%)","6.15 ms (0.1%)","1,213"
"java.lang.String.indexOf (byte[], byte, int, String, int)","0.872 ms (0%)","0.828 ms (0.1%)","1.93 ms (0%)","1.87 ms (0%)","1,147"
"java.util.Objects.requireNonNull (Object, String)","0.751 ms (0%)","0.820 ms (0.1%)","0.751 ms (0%)","0.820 ms (0%)","1,810"
"java.lang.String.indexOf (int)","0.875 ms (0%)","0.820 ms (0.1%)","5.6 ms (0%)","4.79 ms (0.1%)","2,915"
"java.util.HashMap.removeNode (int, Object, Object, boolean, boolean)","0.796 ms (0%)","0.793 ms (0.1%)","0.811 ms (0%)","0.805 ms (0%)","740"
"java.lang.String.indexOf (String)","0.765 ms (0%)","0.776 ms (0.1%)","1.95 ms (0%)","1.90 ms (0%)","1,151"
"org.springframework.samples.petclinic.owner.VisitController.setAllowedFields (org.springframework.web.bind.WebDataBinder)","0.843 ms (0%)","0.774 ms (0.1%)","3.92 ms (0%)","3.64 ms (0.1%)","44"
"java.lang.ref.ReferenceQueue.poll ()","0.687 ms (0%)","0.754 ms (0.1%)","1.7 ms (0%)","1.7 ms (0%)","1,002"
"java.lang.Math.floorMod (long, long)","0.765 ms (0%)","0.753 ms (0.1%)","0.765 ms (0%)","0.753 ms (0%)","1,416"
"java.util.IdentityHashMap.get (Object)","0.780 ms (0%)","0.747 ms (0.1%)","1.28 ms (0%)","1.23 ms (0%)","395"
"java.lang.Math.addExact (long, long)","0.701 ms (0%)","0.736 ms (0.1%)","0.701 ms (0%)","0.736 ms (0%)","1,336"
"jdk.internal.misc.Unsafe.allocateUninitializedArray (Class, int)","0.714 ms (0%)","0.735 ms (0.1%)","1.11 ms (0%)","1.7 ms (0%)","1,860"
"java.lang.String.lastIndexOf (int)","0.773 ms (0%)","0.731 ms (0.1%)","3.85 ms (0%)","3.25 ms (0%)","1,485"
"java.lang.System.allowSecurityManager ()","0.767 ms (0%)","0.731 ms (0.1%)","0.767 ms (0%)","0.731 ms (0%)","6,259"
"java.util.concurrent.locks.AbstractQueuedSynchronizer.compareAndSetState (int, int)","0.704 ms (0%)","0.718 ms (0.1%)","0.704 ms (0%)","0.718 ms (0%)","1,372"
"java.lang.Long.numberOfTrailingZeros (long)","0.667 ms (0%)","0.714 ms (0.1%)","1.5 ms (0%)","1.4 ms (0%)","1,053"
"java.util.concurrent.locks.ReentrantLock$Sync.tryRelease (int)","1.25 ms (0%)","0.709 ms (0.1%)","1.25 ms (0%)","0.709 ms (0%)","1,373"
"java.lang.StringLatin1.lastIndexOf (byte[], int, int)","0.684 ms (0%)","0.700 ms (0.1%)","1.11 ms (0%)","1.5 ms (0%)","1,485"
"java.util.Collections$UnmodifiableCollection$1.next ()","0.752 ms (0%)","0.690 ms (0.1%)","2.15 ms (0%)","2.7 ms (0%)","1,634"
"java.net.URL.getURLStreamHandler (String)","0.728 ms (0%)","0.690 ms (0.1%)","2.46 ms (0%)","2.25 ms (0%)","1,123"
"java.lang.StringConcatHelper.newArray (long)","0.690 ms (0%)","0.685 ms (0.1%)","1.84 ms (0%)","1.74 ms (0%)","1,860"
"java.util.HashMap$Values.iterator ()","0.679 ms (0%)","0.683 ms (0.1%)","0.679 ms (0%)","0.683 ms (0%)","942"
"jdk.internal.util.ArraysSupport.newLength (int, int, int)","0.580 ms (0%)","0.664 ms (0.1%)","0.880 ms (0%)","0.888 ms (0%)","880"
"org.springframework.samples.petclinic.vet.VetController.showVetList (int, org.springframework.ui.Model)","0.647 ms (0%)","0.654 ms (0.1%)","1,824 ms (11.4%)","346 ms (5%)","2"
"java.lang.String.lastIndexOf (int, int)","0.686 ms (0%)","0.647 ms (0.1%)","2.3 ms (0%)","1.88 ms (0%)","1,485"
"java.net.URLStreamHandler.getDefaultPort ()","0.654 ms (0%)","0.631 ms (0%)","0.654 ms (0%)","0.631 ms (0%)","5,423"
"java.time.zone.ZoneRules.findTransitionArray (int)","0.638 ms (0%)","0.628 ms (0%)","3.54 ms (0%)","3.20 ms (0%)","246"
"jdk.internal.misc.VM.isSystemDomainLoader (ClassLoader)","0.849 ms (0%)","0.615 ms (0%)","3.49 ms (0%)","3.11 ms (0%)","2,284"
"java.lang.String.indexOf (String, int)","0.616 ms (0%)","0.608 ms (0%)","2.72 ms (0%)","2.61 ms (0%)","1,087"
"java.lang.ClassLoader.getBuiltinPlatformClassLoader ()","0.623 ms (0%)","0.578 ms (0%)","0.889 ms (0%)","0.860 ms (0%)","2,277"
"java.time.LocalDate.compareTo0 (java.time.LocalDate)","0.544 ms (0%)","0.543 ms (0%)","0.544 ms (0%)","0.543 ms (0%)","774"
"java.lang.String.replace (char, char)","0.544 ms (0%)","0.534 ms (0%)","2.53 ms (0%)","2.44 ms (0%)","591"
"java.net.URL.isBuiltinStreamHandler (String)","1.10 ms (0%)","0.527 ms (0%)","4.93 ms (0%)","4.20 ms (0.1%)","2,200"
"java.util.Collections$EmptySet.iterator ()","0.528 ms (0%)","0.526 ms (0%)","0.744 ms (0%)","0.741 ms (0%)","1,277"
"java.util.LinkedHashMap$LinkedHashIterator.hasNext ()","0.515 ms (0%)","0.525 ms (0%)","0.515 ms (0%)","0.525 ms (0%)","1,144"
"java.util.concurrent.locks.AbstractQueuedSynchronizer.signalNext (java.util.concurrent.locks.AbstractQueuedSynchronizer.Node)","0.536 ms (0%)","0.524 ms (0%)","0.536 ms (0%)","0.524 ms (0%)","1,081"
"jdk.internal.loader.URLClassPath.getLoader (int)","0.560 ms (0%)","0.522 ms (0%)","1.38 ms (0%)","1.34 ms (0%)","1,213"
"java.lang.StringBuilder.length ()","0.516 ms (0%)","0.515 ms (0%)","0.516 ms (0%)","0.515 ms (0%)","1,450"
"java.time.LocalDate.ofInstant (java.time.Instant, java.time.ZoneId)","0.523 ms (0%)","0.507 ms (0%)","3.2 ms (0%)","2.98 ms (0%)","84"
"java.time.LocalTime.ofNanoOfDay (long)","0.523 ms (0%)","0.506 ms (0%)","1.36 ms (0%)","1.35 ms (0%)","238"
"java.util.Hashtable.get (Object)","0.528 ms (0%)","0.497 ms (0%)","1.72 ms (0%)","1.56 ms (0%)","1,123"
"java.util.concurrent.ConcurrentHashMap$ValuesView.iterator ()","0.446 ms (0%)","0.482 ms (0%)","0.733 ms (0%)","0.737 ms (0%)","139"
"java.time.temporal.TemporalAdjusters.nextOrSame (java.time.DayOfWeek)","0.747 ms (0%)","0.482 ms (0%)","0.909 ms (0%)","0.632 ms (0%)","2"
"java.lang.String.compareTo (Object)","0.526 ms (0%)","0.476 ms (0%)","4.42 ms (0%)","3.80 ms (0.1%)","490"
"java.nio.Buffer.session ()","0.474 ms (0%)","0.470 ms (0%)","0.474 ms (0%)","0.470 ms (0%)","3,616"
"java.lang.StringConcatHelper.stringOf (Object)","0.413 ms (0%)","0.464 ms (0%)","0.417 ms (0%)","0.470 ms (0%)","2,562"
"java.lang.String.substring (int)","0.478 ms (0%)","0.457 ms (0%)","27.2 ms (0.2%)","2.97 ms (0%)","1,163"
"java.util.Arrays.copyOf (byte[], int)","0.413 ms (0%)","0.456 ms (0%)","0.575 ms (0%)","0.589 ms (0%)","724"
"java.lang.ClassLoader.findBootstrapClassOrNull (String)","0.442 ms (0%)","0.441 ms (0%)","0.585 ms (0%)","0.574 ms (0%)","48"
"java.util.Collections$UnmodifiableCollection.iterator ()","0.461 ms (0%)","0.420 ms (0%)","1.6 ms (0%)","1.2 ms (0%)","708"
"java.lang.ref.ReferenceQueue.headIsNull ()","0.444 ms (0%)","0.417 ms (0%)","0.444 ms (0%)","0.417 ms (0%)","1,629"
"java.lang.Class.getPackageName ()","0.389 ms (0%)","0.407 ms (0%)","1.21 ms (0%)","1.21 ms (0%)","425"
"java.util.TimeZone.getDefaultRef ()","0.396 ms (0%)","0.403 ms (0%)","0.396 ms (0%)","0.403 ms (0%)","561"
"java.util.LinkedHashMap.linkNodeLast (java.util.LinkedHashMap.Entry)","0.359 ms (0%)","0.402 ms (0%)","0.359 ms (0%)","0.402 ms (0%)","1,021"
"java.net.URL.set (String, String, int, String, String, String, String, String)","0.370 ms (0%)","0.398 ms (0%)","0.370 ms (0%)","0.398 ms (0%)","2,200"
"java.net.URLClassLoader.defineClass (String, jdk.internal.loader.Resource)","0.396 ms (0%)","0.395 ms (0%)","84.3 ms (0.5%)","62.4 ms (0.9%)","45"
"java.lang.Character.isWhitespace (int)","0.388 ms (0%)","0.393 ms (0%)","0.866 ms (0%)","0.872 ms (0%)","746"
"java.util.LinkedHashMap$LinkedHashIterator.nextNode ()","0.402 ms (0%)","0.392 ms (0%)","0.402 ms (0%)","0.392 ms (0%)","718"
"java.lang.ref.NativeReferenceQueue.poll ()","0.354 ms (0%)","0.377 ms (0%)","0.500 ms (0%)","0.504 ms (0%)","627"
"java.util.concurrent.ConcurrentHashMap$Traverser.advance ()","0.325 ms (0%)","0.360 ms (0%)","0.696 ms (0%)","0.691 ms (0%)","349"
"jdk.internal.misc.Unsafe.allocateUninitializedArray0 (Class, int)","0.362 ms (0%)","0.358 ms (0%)","0.362 ms (0%)","0.358 ms (0%)","1,860"
"java.lang.Character.isLetter (int)","0.389 ms (0%)","0.351 ms (0%)","1.49 ms (0%)","1.40 ms (0%)","1,123"
"java.time.LocalDateTime.plusSeconds (long)","0.334 ms (0%)","0.350 ms (0%)","3.82 ms (0%)","3.78 ms (0.1%)","238"
"java.lang.Character.isLetter (char)","0.386 ms (0%)","0.350 ms (0%)","1.88 ms (0%)","1.75 ms (0%)","1,123"
"java.lang.StringBuilder.append (String)","0.324 ms (0%)","0.343 ms (0%)","3.26 ms (0%)","3.16 ms (0%)","359"
"jdk.internal.util.Preconditions.checkIndex (int, int, java.util.function.BiFunction)","0.448 ms (0%)","0.340 ms (0%)","0.448 ms (0%)","0.340 ms (0%)","1,740"
"java.time.zone.ZoneRules.getOffset (java.time.Instant)","0.340 ms (0%)","0.339 ms (0%)","3.2 ms (0%)","2.70 ms (0%)","93"
"java.lang.ClassLoader.loadClass (String, boolean)","0.337 ms (0%)","0.338 ms (0%)","650 ms (4.1%)","356 ms (5.1%)","48"
"java.util.zip.InflaterInputStream.fill ()","0.541 ms (0%)","0.337 ms (0%)","0.741 ms (0%)","0.513 ms (0%)","49"
"java.util.LinkedHashMap.removeEldestEntry (java.util.Map.Entry)","0.334 ms (0%)","0.335 ms (0%)","0.334 ms (0%)","0.335 ms (0%)","757"
"java.time.LocalDate.now (java.time.Clock)","0.331 ms (0%)","0.332 ms (0%)","4.23 ms (0%)","4.17 ms (0.1%)","84"
"jdk.internal.util.Preconditions.checkFromIndexSize (int, int, int, java.util.function.BiFunction)","0.355 ms (0%)","0.331 ms (0%)","0.355 ms (0%)","0.331 ms (0%)","1,350"
"java.lang.AbstractStringBuilder.newCapacity (int)","0.335 ms (0%)","0.330 ms (0%)","0.833 ms (0%)","0.811 ms (0%)","614"
"java.lang.Integer.numberOfTrailingZeros (int)","0.367 ms (0%)","0.330 ms (0%)","0.367 ms (0%)","0.330 ms (0%)","1,053"
"jdk.internal.loader.ClassLoaders.platformClassLoader ()","0.289 ms (0%)","0.330 ms (0%)","0.289 ms (0%)","0.330 ms (0%)","2,535"
"java.lang.StringLatin1.indexOf (byte[], byte[])","0.290 ms (0%)","0.318 ms (0%)","0.810 ms (0%)","0.821 ms (0%)","1,151"
"java.util.zip.InflaterInputStream.read (byte[], int, int)","0.317 ms (0%)","0.317 ms (0%)","2.66 ms (0%)","2.42 ms (0%)","114"
"java.util.LinkedHashMap.get (Object)","0.291 ms (0%)","0.314 ms (0%)","1.4 ms (0%)","1.1 ms (0%)","470"
"java.time.zone.ZoneRules.findYear (long, java.time.ZoneOffset)","0.294 ms (0%)","0.308 ms (0%)","0.524 ms (0%)","0.526 ms (0%)","93"
"java.lang.reflect.Array.newInstance (Class, int)","0.280 ms (0%)","0.304 ms (0%)","0.280 ms (0%)","0.304 ms (0%)","530"
"java.util.TreeMap.fixAfterInsertion (java.util.TreeMap.Entry)","0.302 ms (0%)","0.298 ms (0%)","0.464 ms (0%)","0.468 ms (0%)","24"
"java.lang.Integer.equals (Object)","0.270 ms (0%)","0.297 ms (0%)","0.270 ms (0%)","0.297 ms (0%)","418"
"java.util.ArrayList.toArray (Object[])","0.287 ms (0%)","0.293 ms (0%)","0.786 ms (0%)","0.781 ms (0%)","225"
"java.lang.StringConcatHelper.checkOverflow (long)","0.291 ms (0%)","0.285 ms (0%)","0.291 ms (0%)","0.285 ms (0%)","2,484"
"java.util.LinkedHashMap$LinkedKeyIterator.next ()","0.268 ms (0%)","0.278 ms (0%)","0.424 ms (0%)","0.410 ms (0%)","291"
"java.lang.CharacterDataLatin1.isWhitespace (int)","0.258 ms (0%)","0.277 ms (0%)","0.387 ms (0%)","0.376 ms (0%)","790"
"java.util.RegularEnumSet$EnumSetIterator.next ()","0.221 ms (0%)","0.268 ms (0%)","0.538 ms (0%)","0.561 ms (0%)","684"
"java.time.LocalDate.toEpochDay ()","0.262 ms (0%)","0.264 ms (0%)","0.546 ms (0%)","0.535 ms (0%)","122"
"java.util.LinkedHashMap.afterNodeAccess (java.util.HashMap.Node)","0.251 ms (0%)","0.263 ms (0%)","0.251 ms (0%)","0.263 ms (0%)","337"
"java.util.concurrent.ConcurrentHashMap.addCount (long, int)","0.267 ms (0%)","0.262 ms (0%)","22.4 ms (0.1%)","0.409 ms (0%)","345"
"java.util.concurrent.CopyOnWriteArrayList.size ()","0.244 ms (0%)","0.255 ms (0%)","0.244 ms (0%)","0.255 ms (0%)","1,399"
"java.util.LinkedHashMap$LinkedEntryIterator.next ()","0.307 ms (0%)","0.253 ms (0%)","0.684 ms (0%)","0.622 ms (0%)","256"
"sun.net.www.ParseUtil.encodePath (String, boolean)","0.316 ms (0%)","0.251 ms (0%)","70.1 ms (0.4%)","64.2 ms (0.9%)","1,078"
"java.util.LinkedHashMap$LinkedValueIterator.next ()","0.260 ms (0%)","0.249 ms (0%)","0.396 ms (0%)","0.383 ms (0%)","171"
"sun.net.util.IPAddressUtil.earlyURLParsing ()","0.258 ms (0%)","0.249 ms (0%)","0.258 ms (0%)","0.249 ms (0%)","2,200"
"java.lang.Character.isWhitespace (char)","0.257 ms (0%)","0.246 ms (0%)","1.12 ms (0%)","1.11 ms (0%)","746"
"java.time.Clock.systemDefaultZone ()","0.230 ms (0%)","0.245 ms (0%)","1.14 ms (0%)","1.11 ms (0%)","84"
"java.time.LocalDate.create (int, int, int)","0.249 ms (0%)","0.243 ms (0%)","0.249 ms (0%)","0.243 ms (0%)","240"
"java.util.Objects.checkFromIndexSize (int, int, int)","0.172 ms (0%)","0.242 ms (0%)","0.265 ms (0%)","0.292 ms (0%)","740"
"java.lang.ClassLoader.findLoadedClass (String)","0.224 ms (0%)","0.240 ms (0%)","0.790 ms (0%)","0.768 ms (0%)","141"
"org.springframework.samples.petclinic.owner.PetController.initOwnerBinder (org.springframework.web.bind.WebDataBinder)","0.255 ms (0%)","0.239 ms (0%)","0.738 ms (0%)","0.698 ms (0%)","12"
"java.time.ZoneId.systemDefault ()","0.246 ms (0%)","0.238 ms (0%)","0.907 ms (0%)","0.868 ms (0%)","84"
"java.util.HashMap$EntryIterator.next ()","0.179 ms (0%)","0.237 ms (0%)","0.287 ms (0%)","0.309 ms (0%)","684"
"java.util.LinkedHashMap$LinkedKeySet.iterator ()","0.217 ms (0%)","0.235 ms (0%)","0.217 ms (0%)","0.235 ms (0%)","356"
"java.lang.AbstractStringBuilder.append (int)","0.229 ms (0%)","0.235 ms (0%)","0.386 ms (0%)","0.396 ms (0%)","127"
"java.util.LinkedHashMap$LinkedEntryIterator.next ()","0.235 ms (0%)","0.235 ms (0%)","0.374 ms (0%)","0.360 ms (0%)","256"
"java.lang.Integer.compare (int, int)","0.236 ms (0%)","0.232 ms (0%)","0.236 ms (0%)","0.232 ms (0%)","442"
"java.util.Locale.getDefault ()","0.213 ms (0%)","0.231 ms (0%)","0.213 ms (0%)","0.231 ms (0%)","1,286"
"java.lang.StringLatin1.compareToCI (byte[], byte[])","0.253 ms (0%)","0.231 ms (0%)","0.858 ms (0%)","0.858 ms (0%)","45"
"java.time.LocalDate.ofEpochDay (long)","0.227 ms (0%)","0.230 ms (0%)","0.551 ms (0%)","0.535 ms (0%)","84"
"java.time.LocalDate.now ()","0.225 ms (0%)","0.229 ms (0%)","5.63 ms (0%)","5.53 ms (0.1%)","84"
"java.util.TimeZone.getDefault ()","0.237 ms (0%)","0.229 ms (0%)","0.584 ms (0%)","0.568 ms (0%)","84"
"java.util.IdentityHashMap.nextKeyIndex (int, int)","0.216 ms (0%)","0.229 ms (0%)","0.216 ms (0%)","0.229 ms (0%)","605"
"jdk.internal.loader.BuiltinClassLoader.loadClass (String, boolean)","0.217 ms (0%)","0.221 ms (0%)","6.17 ms (0%)","6.11 ms (0.1%)","48"
"java.net.URLStreamHandler.toExternalForm (java.net.URL)","0.247 ms (0%)","0.221 ms (0%)","1.84 ms (0%)","1.72 ms (0%)","89"
"jdk.internal.loader.BuiltinClassLoader.loadClassOrNull (String, boolean)","0.236 ms (0%)","0.219 ms (0%)","4.87 ms (0%)","4.82 ms (0.1%)","93"
"java.lang.Math.floorDiv (long, int)","0.195 ms (0%)","0.218 ms (0%)","0.295 ms (0%)","0.300 ms (0%)","177"
"java.nio.ByteBuffer.position (int)","0.189 ms (0%)","0.215 ms (0%)","0.295 ms (0%)","0.274 ms (0%)","777"
"org.springframework.samples.petclinic.model.NamedEntity.toString ()","0.215 ms (0%)","0.213 ms (0%)","0.215 ms (0%)","0.213 ms (0%)","142"
"java.nio.DirectLongBufferU.get (int)","0.206 ms (0%)","0.207 ms (0%)","0.479 ms (0%)","0.486 ms (0%)","180"
"java.lang.Class.getComponentType ()","0.190 ms (0%)","0.203 ms (0%)","0.190 ms (0%)","0.203 ms (0%)","813"
"java.util.LinkedHashMap.keySet ()","0.197 ms (0%)","0.201 ms (0%)","0.197 ms (0%)","0.201 ms (0%)","356"
"java.util.concurrent.ConcurrentLinkedQueue.add (Object)","0.193 ms (0%)","0.200 ms (0%)","1.83 ms (0%)","1.70 ms (0%)","113"
"java.lang.ClassLoader.checkName (String)","0.178 ms (0%)","0.199 ms (0%)","0.820 ms (0%)","0.797 ms (0%)","234"
"java.util.ImmutableCollections$List12.toArray ()","0.188 ms (0%)","0.196 ms (0%)","0.188 ms (0%)","0.196 ms (0%)","200"
"java.util.RegularEnumSet$EnumSetIterator.next ()","0.208 ms (0%)","0.195 ms (0%)","0.748 ms (0%)","0.756 ms (0%)","684"
"java.util.HashMap.containsKey (Object)","0.197 ms (0%)","0.195 ms (0%)","0.837 ms (0%)","0.818 ms (0%)","278"
"java.util.WeakHashMap.put (Object, Object)","0.190 ms (0%)","0.193 ms (0%)","0.431 ms (0%)","0.424 ms (0%)","51"
"java.time.LocalTime.toNanoOfDay ()","0.182 ms (0%)","0.188 ms (0%)","0.182 ms (0%)","0.188 ms (0%)","238"
"java.time.LocalDateTime.with (java.time.LocalDate, java.time.LocalTime)","0.184 ms (0%)","0.186 ms (0%)","0.184 ms (0%)","0.186 ms (0%)","238"
"java.util.logging.LogManager$LoggerContext$1.run ()","0.202 ms (0%)","0.186 ms (0%)","0.366 ms (0%)","0.348 ms (0%)","1"
"org.springframework.samples.petclinic.owner.Owner.getPet (Integer)","0.192 ms (0%)","0.183 ms (0%)","0.314 ms (0%)","0.314 ms (0%)","18"
"java.time.ZoneRegion.getRules ()","0.156 ms (0%)","0.183 ms (0%)","0.156 ms (0%)","0.183 ms (0%)","246"
"java.util.zip.ZipFile$Source.getEntryPos (String, boolean)","0.175 ms (0%)","0.182 ms (0%)","0.480 ms (0%)","0.473 ms (0%)","90"
"java.util.Collections$UnmodifiableMap.get (Object)","0.174 ms (0%)","0.180 ms (0%)","0.811 ms (0%)","0.801 ms (0%)","186"
"java.lang.ClassLoader.getDefinedPackage (String)","0.170 ms (0%)","0.177 ms (0%)","0.667 ms (0%)","0.653 ms (0%)","89"
"java.util.concurrent.ConcurrentHashMap.casTabAt (java.util.concurrent.ConcurrentHashMap.Node[], int, java.util.concurrent.ConcurrentHashMap.Node, java.util.concurrent.ConcurrentHashMap.Node)","0.159 ms (0%)","0.176 ms (0%)","0.159 ms (0%)","0.176 ms (0%)","263"
"java.time.LocalDate.isLeapYear ()","0.185 ms (0%)","0.176 ms (0%)","0.276 ms (0%)","0.264 ms (0%)","122"
"java.nio.DirectLongBufferU.put (int, long)","0.154 ms (0%)","0.176 ms (0%)","0.414 ms (0%)","0.387 ms (0%)","180"
"java.util.concurrent.ConcurrentHashMap.putIfAbsent (Object, Object)","0.158 ms (0%)","0.175 ms (0%)","23.7 ms (0.1%)","1.62 ms (0%)","314"
"java.lang.StringConcatHelper.initialCoder ()","0.152 ms (0%)","0.172 ms (0%)","0.152 ms (0%)","0.172 ms (0%)","1,215"
"java.util.HashMap$EntryIterator.next ()","0.196 ms (0%)","0.170 ms (0%)","0.489 ms (0%)","0.479 ms (0%)","684"
"java.lang.StringConcatHelper.newString (byte[], long)","0.200 ms (0%)","0.168 ms (0%)","0.200 ms (0%)","0.168 ms (0%)","1,242"
"org.springframework.samples.petclinic.owner.PetController.initCreationForm (org.springframework.samples.petclinic.owner.Owner, org.springframework.ui.ModelMap)","0.177 ms (0%)","0.167 ms (0%)","0.556 ms (0%)","0.491 ms (0%)","3"
"java.util.zip.ZipFile.getEntry (String)","0.159 ms (0%)","0.165 ms (0%)","0.678 ms (0%)","0.671 ms (0%)","90"
"sun.net.util.URLUtil.urlNoFragString (java.net.URL)","0.162 ms (0%)","0.164 ms (0%)","0.703 ms (0%)","0.676 ms (0%)","45"
"java.util.IdentityHashMap$EntrySet.iterator ()","0.159 ms (0%)","0.163 ms (0%)","0.159 ms (0%)","0.163 ms (0%)","58"
"java.util.TreeMap.put (Object, Object, boolean)","0.170 ms (0%)","0.160 ms (0%)","1.6 ms (0%)","1.5 ms (0%)","38"
"java.util.concurrent.ConcurrentHashMap$ValueIterator.next ()","0.124 ms (0%)","0.159 ms (0%)","0.558 ms (0%)","0.573 ms (0%)","201"
"java.time.LocalDate.plusDays (long)","0.158 ms (0%)","0.154 ms (0%)","0.158 ms (0%)","0.154 ms (0%)","240"
"java.time.LocalTime.create (int, int, int, int)","0.162 ms (0%)","0.151 ms (0%)","0.162 ms (0%)","0.151 ms (0%)","238"
"sun.util.calendar.ZoneInfo.clone ()","0.135 ms (0%)","0.149 ms (0%)","0.273 ms (0%)","0.271 ms (0%)","84"
"java.util.RegularEnumSet.add (Enum)","0.129 ms (0%)","0.147 ms (0%)","0.194 ms (0%)","0.195 ms (0%)","255"
"java.util.HashMap$ValueIterator.next ()","0.108 ms (0%)","0.145 ms (0%)","0.167 ms (0%)","0.184 ms (0%)","102"
"java.util.IdentityHashMap$EntryIterator.next ()","0.123 ms (0%)","0.144 ms (0%)","0.178 ms (0%)","0.183 ms (0%)","53"
"java.security.AccessController.executePrivileged (java.security.PrivilegedAction, java.security.AccessControlContext, Class)","0.155 ms (0%)","0.142 ms (0%)","0.764 ms (0%)","0.731 ms (0%)","20"
"java.util.concurrent.ThreadLocalRandom.getProbe ()","22.1 ms (0.6%)","0.134 ms (0%)","22.1 ms (0.1%)","0.134 ms (0%)","139"
"jdk.internal.perf.PerfCounter.add (long)","0.113 ms (0%)","0.134 ms (0%)","1.15 ms (0%)","1.12 ms (0%)","180"
"java.time.Clock$SystemClock.instant ()","0.109 ms (0%)","0.130 ms (0%)","0.805 ms (0%)","0.801 ms (0%)","84"
"java.nio.Buffer$1.releaseSession (java.nio.Buffer)","0.139 ms (0%)","0.126 ms (0%)","0.200 ms (0%)","0.142 ms (0%)","91"
"java.security.AccessController.doPrivileged (java.security.PrivilegedExceptionAction, java.security.AccessControlContext)","0.119 ms (0%)","0.125 ms (0%)","643 ms (4%)","349 ms (5%)","45"
"java.util.TimeZone.clone ()","0.125 ms (0%)","0.123 ms (0%)","0.125 ms (0%)","0.123 ms (0%)","84"
"java.util.concurrent.ConcurrentHashMap.initTable ()","0.126 ms (0%)","0.121 ms (0%)","0.126 ms (0%)","0.121 ms (0%)","61"
"org.springframework.samples.petclinic.owner.Owner.getPet (String, boolean)","0.120 ms (0%)","0.119 ms (0%)","0.442 ms (0%)","0.435 ms (0%)","7"
"jdk.internal.loader.URLClassPath$JarLoader.getResource (String, boolean)","0.121 ms (0%)","0.119 ms (0%)","1.6 ms (0%)","1.5 ms (0%)","90"
"java.util.zip.InflaterInputStream.close ()","0.120 ms (0%)","0.119 ms (0%)","0.196 ms (0%)","0.194 ms (0%)","45"
"org.springframework.samples.petclinic.owner.Owner.addPet (org.springframework.samples.petclinic.owner.Pet)","0.166 ms (0%)","0.118 ms (0%)","0.250 ms (0%)","0.193 ms (0%)","10"
"java.nio.ByteBuffer.position (int)","0.089 ms (0%)","0.118 ms (0%)","0.235 ms (0%)","0.229 ms (0%)","373"
"java.lang.Boolean.valueOf (boolean)","0.135 ms (0%)","0.115 ms (0%)","0.135 ms (0%)","0.115 ms (0%)","754"
"jdk.internal.loader.BuiltinClassLoader.findClassOnClassPathOrNull (String)","0.126 ms (0%)","0.111 ms (0%)","2.35 ms (0%)","2.32 ms (0%)","45"
"java.lang.ClassLoader.checkCerts (String, java.security.CodeSource)","0.111 ms (0%)","0.110 ms (0%)","0.511 ms (0%)","0.506 ms (0%)","45"
"java.lang.Character.toLowerCase (int)","0.110 ms (0%)","0.110 ms (0%)","0.246 ms (0%)","0.243 ms (0%)","105"
"org.springframework.samples.petclinic.vet.VetController.addPaginationModel (int, org.springframework.data.domain.Page, org.springframework.ui.Model)","0.103 ms (0%)","0.108 ms (0%)","0.259 ms (0%)","0.259 ms (0%)","2"
"java.lang.ClassLoader.postDefineClass (Class, java.security.ProtectionDomain)","0.105 ms (0%)","0.108 ms (0%)","0.744 ms (0%)","0.721 ms (0%)","45"
"jdk.internal.loader.ClassLoaders$AppClassLoader.loadClass (String, boolean)","0.114 ms (0%)","0.107 ms (0%)","6.34 ms (0%)","6.27 ms (0.1%)","48"
"java.lang.ClassLoader.definePackage (String, Module)","0.108 ms (0%)","0.107 ms (0%)","0.413 ms (0%)","0.371 ms (0%)","105"
"java.util.concurrent.ConcurrentHashMap$BaseIterator.hasNext ()","0.112 ms (0%)","0.105 ms (0%)","0.112 ms (0%)","0.105 ms (0%)","349"
"java.nio.Buffer.position (int)","0.065 ms (0%)","0.105 ms (0%)","0.065 ms (0%)","0.105 ms (0%)","777"
"java.util.IdentityHashMap$IdentityHashMapIterator.hasNext ()","0.085 ms (0%)","0.104 ms (0%)","0.085 ms (0%)","0.104 ms (0%)","111"
"java.nio.Buffer.checkIndex (int)","0.053 ms (0%)","0.104 ms (0%)","0.081 ms (0%)","0.104 ms (0%)","360"
"java.util.IdentityHashMap$EntryIterator.next ()","0.106 ms (0%)","0.102 ms (0%)","0.296 ms (0%)","0.283 ms (0%)","53"
"java.util.RegularEnumSet.iterator ()","0.083 ms (0%)","0.101 ms (0%)","0.083 ms (0%)","0.101 ms (0%)","345"
"jdk.internal.loader.BuiltinClassLoader.findLoadedModule (String)","0.090 ms (0%)","0.101 ms (0%)","0.662 ms (0%)","0.659 ms (0%)","93"
"java.security.SecureClassLoader.getProtectionDomain (java.security.CodeSource)","0.101 ms (0%)","0.101 ms (0%)","0.376 ms (0%)","0.363 ms (0%)","45"
"org.springframework.samples.petclinic.model.BaseEntity.isNew ()","0.104 ms (0%)","0.100 ms (0%)","0.104 ms (0%)","0.100 ms (0%)","84"
"org.springframework.samples.petclinic.owner.PetTypeFormatter.parse (String, java.util.Locale)","0.101 ms (0%)","0.100 ms (0%)","87.6 ms (0.5%)","84.1 ms (1.2%)","45"
"java.util.RegularEnumSet$EnumSetIterator.hasNext ()","0.088 ms (0%)","0.099 ms (0%)","0.088 ms (0%)","0.099 ms (0%)","687"
"java.time.zone.ZoneOffsetTransitionRule.createTransition (int)","0.104 ms (0%)","0.099 ms (0%)","1.25 ms (0%)","0.972 ms (0%)","2"
"java.util.ArrayDeque.pollFirst ()","0.096 ms (0%)","0.099 ms (0%)","0.129 ms (0%)","0.137 ms (0%)","98"
"org.springframework.samples.petclinic.owner.PetController.initPetBinder (org.springframework.web.bind.WebDataBinder)","0.106 ms (0%)","0.096 ms (0%)","0.179 ms (0%)","0.174 ms (0%)","12"
"java.lang.ClassLoader.preDefineClass (String, java.security.ProtectionDomain)","0.093 ms (0%)","0.096 ms (0%)","0.862 ms (0%)","0.835 ms (0%)","45"
"java.lang.Character.toLowerCase (char)","0.086 ms (0%)","0.096 ms (0%)","0.339 ms (0%)","0.347 ms (0%)","105"
"java.net.URLClassLoader$1.run ()","0.100 ms (0%)","0.094 ms (0%)","643 ms (4%)","349 ms (5%)","45"
"java.lang.ref.Cleaner$1.apply (Object)","0.120 ms (0%)","0.094 ms (0%)","0.173 ms (0%)","0.170 ms (0%)","290"
"java.util.HashMap$EntrySet.iterator ()","0.104 ms (0%)","0.093 ms (0%)","0.104 ms (0%)","0.093 ms (0%)","362"
"java.lang.String.concat (String)","0.080 ms (0%)","0.091 ms (0%)","0.944 ms (0%)","0.941 ms (0%)","90"
"java.time.chrono.IsoChronology.isLeapYear (long)","0.082 ms (0%)","0.090 ms (0%)","0.082 ms (0%)","0.090 ms (0%)","123"
"java.util.TreeMap.put (Object, Object)","0.088 ms (0%)","0.090 ms (0%)","1.15 ms (0%)","1.14 ms (0%)","38"
"java.util.TreeMap.compare (Object, Object)","0.082 ms (0%)","0.089 ms (0%)","0.159 ms (0%)","0.161 ms (0%)","14"
"java.util.TreeMap.parentOf (java.util.TreeMap.Entry)","0.086 ms (0%)","0.089 ms (0%)","0.086 ms (0%)","0.089 ms (0%)","84"
"java.lang.String$CaseInsensitiveComparator.compare (String, String)","0.094 ms (0%)","0.089 ms (0%)","0.990 ms (0%)","0.987 ms (0%)","45"
"java.util.jar.JarFile.getEntry (String)","0.088 ms (0%)","0.088 ms (0%)","0.861 ms (0%)","0.853 ms (0%)","90"
"java.lang.ref.Cleaner$1.apply (java.lang.ref.Cleaner)","0.042 ms (0%)","0.088 ms (0%)","0.042 ms (0%)","0.088 ms (0%)","290"
"jdk.internal.misc.ScopedMemoryAccess.getLong (jdk.internal.foreign.MemorySessionImpl, Object, long)","0.060 ms (0%)","0.087 ms (0%)","0.140 ms (0%)","0.142 ms (0%)","180"
"java.lang.StringBuilder.append (int)","0.104 ms (0%)","0.086 ms (0%)","0.493 ms (0%)","0.485 ms (0%)","127"
"java.util.RegularEnumSet.add (Object)","0.104 ms (0%)","0.086 ms (0%)","0.302 ms (0%)","0.281 ms (0%)","255"
"jdk.internal.loader.BuiltinClassLoader.loadClassOrNull (String)","0.054 ms (0%)","0.086 ms (0%)","1.42 ms (0%)","1.41 ms (0%)","93"
"java.net.URLClassLoader.getAndVerifyPackage (String, java.util.jar.Manifest, java.net.URL)","0.084 ms (0%)","0.086 ms (0%)","0.538 ms (0%)","0.521 ms (0%)","45"
"jdk.internal.loader.URLClassPath$Loader$1.getContentLength ()","0.085 ms (0%)","0.085 ms (0%)","0.085 ms (0%)","0.085 ms (0%)","45"
"java.util.WeakHashMap.getTable ()","0.055 ms (0%)","0.084 ms (0%)","0.214 ms (0%)","0.217 ms (0%)","141"
"java.lang.Integer.compareTo (Object)","0.065 ms (0%)","0.082 ms (0%)","0.177 ms (0%)","0.183 ms (0%)","53"
"java.time.LocalDate.with (java.time.temporal.TemporalAdjuster)","0.082 ms (0%)","0.081 ms (0%)","0.105 ms (0%)","0.105 ms (0%)","2"
"jdk.internal.perf.PerfCounter.get ()","0.077 ms (0%)","0.081 ms (0%)","0.577 ms (0%)","0.560 ms (0%)","180"
"java.lang.Integer.compareTo (Integer)","0.062 ms (0%)","0.080 ms (0%)","0.097 ms (0%)","0.101 ms (0%)","53"
"java.lang.ClassLoader.getClassLoadingLock (String)","0.068 ms (0%)","0.079 ms (0%)","0.440 ms (0%)","0.428 ms (0%)","141"
"java.util.zip.ZipCoder.hash (String)","0.079 ms (0%)","0.077 ms (0%)","0.239 ms (0%)","0.230 ms (0%)","90"
"java.util.AbstractCollection.addAll (java.util.Collection)","0.092 ms (0%)","0.076 ms (0%)","0.374 ms (0%)","0.372 ms (0%)","42"
"java.util.WeakHashMap.hash (Object)","0.061 ms (0%)","0.075 ms (0%)","0.061 ms (0%)","0.075 ms (0%)","141"
"org.springframework.samples.petclinic.owner.PetTypeFormatter.print (Object, java.util.Locale)","0.076 ms (0%)","0.074 ms (0%)","0.094 ms (0%)","0.091 ms (0%)","32"
"java.security.SecureClassLoader.defineClass (String, byte[], int, int, java.security.CodeSource)","0.071 ms (0%)","0.074 ms (0%)","68.6 ms (0.4%)","53.8 ms (0.8%)","45"
"java.util.TreeMap$KeyIterator.next ()","0.061 ms (0%)","0.073 ms (0%)","0.170 ms (0%)","0.174 ms (0%)","50"
"java.util.TreeMap.addEntry (Object, Object, java.util.TreeMap.Entry, boolean)","0.073 ms (0%)","0.073 ms (0%)","0.541 ms (0%)","0.541 ms (0%)","24"
"java.util.concurrent.ConcurrentHashMap.put (Object, Object)","0.053 ms (0%)","0.072 ms (0%)","0.754 ms (0%)","0.697 ms (0%)","49"
"java.net.URLClassLoader.findClass (String)","0.070 ms (0%)","0.071 ms (0%)","643 ms (4%)","349 ms (5%)","45"
"java.util.Collections.eq (Object, Object)","0.051 ms (0%)","0.071 ms (0%)","0.069 ms (0%)","0.076 ms (0%)","38"
"java.lang.String$CaseInsensitiveComparator.compare (Object, Object)","0.069 ms (0%)","0.069 ms (0%)","1.6 ms (0%)","1.5 ms (0%)","45"
"jdk.internal.misc.ScopedMemoryAccess.putLong (jdk.internal.foreign.MemorySessionImpl, Object, long, long)","0.062 ms (0%)","0.069 ms (0%)","0.120 ms (0%)","0.113 ms (0%)","180"
"java.util.TreeMap$PrivateEntryIterator.nextEntry ()","0.069 ms (0%)","0.068 ms (0%)","0.112 ms (0%)","0.108 ms (0%)","58"
"java.util.WeakHashMap.expungeStaleEntries ()","0.061 ms (0%)","0.068 ms (0%)","0.144 ms (0%)","0.141 ms (0%)","141"
"jdk.internal.perf.PerfCounter.addElapsedTimeFrom (long)","0.064 ms (0%)","0.068 ms (0%)","0.798 ms (0%)","0.769 ms (0%)","90"
"java.util.Collections$SingletonSet.iterator ()","0.048 ms (0%)","0.067 ms (0%)","0.077 ms (0%)","0.085 ms (0%)","160"
"sun.net.www.ParseUtil.match (char, long, long)","0.057 ms (0%)","0.067 ms (0%)","0.057 ms (0%)","0.067 ms (0%)","359"
"jdk.internal.loader.Resource.getByteBuffer ()","0.052 ms (0%)","0.067 ms (0%)","0.119 ms (0%)","0.127 ms (0%)","45"
"jdk.internal.misc.ScopedMemoryAccess.getLongInternal (jdk.internal.foreign.MemorySessionImpl, Object, long)","0.062 ms (0%)","0.067 ms (0%)","0.062 ms (0%)","0.067 ms (0%)","180"
"java.util.Arrays$ArrayList.size ()","0.060 ms (0%)","0.067 ms (0%)","0.060 ms (0%)","0.067 ms (0%)","129"
"java.util.jar.JarFile.isMultiRelease ()","0.061 ms (0%)","0.066 ms (0%)","0.085 ms (0%)","0.085 ms (0%)","90"
"java.net.URL.toExternalForm ()","0.059 ms (0%)","0.066 ms (0%)","1.91 ms (0%)","1.79 ms (0%)","89"
"jdk.internal.misc.ScopedMemoryAccess.putLongInternal (jdk.internal.foreign.MemorySessionImpl, Object, long, long)","0.043 ms (0%)","0.065 ms (0%)","0.043 ms (0%)","0.065 ms (0%)","180"
"java.lang.Integer.getChars (int, int, byte[])","0.053 ms (0%)","0.063 ms (0%)","0.053 ms (0%)","0.063 ms (0%)","164"
"java.security.AccessController.executePrivileged (java.security.PrivilegedExceptionAction, java.security.AccessControlContext, Class)","0.074 ms (0%)","0.063 ms (0%)","643 ms (4%)","349 ms (5%)","45"
"java.lang.Package.isSealed ()","0.053 ms (0%)","0.062 ms (0%)","0.067 ms (0%)","0.070 ms (0%)","45"
"java.util.Collections$SingletonMap.get (Object)","0.057 ms (0%)","0.061 ms (0%)","0.130 ms (0%)","0.122 ms (0%)","31"
"java.util.Collections$UnmodifiableCollection.toArray ()","0.047 ms (0%)","0.061 ms (0%)","0.217 ms (0%)","0.213 ms (0%)","37"
"java.util.TreeSet.iterator ()","0.056 ms (0%)","0.060 ms (0%)","0.203 ms (0%)","0.202 ms (0%)","18"
"java.util.TreeMap.keyIterator ()","0.057 ms (0%)","0.060 ms (0%)","0.075 ms (0%)","0.077 ms (0%)","18"
"java.util.jar.JarFile.getJarEntry (String)","0.048 ms (0%)","0.060 ms (0%)","0.916 ms (0%)","0.912 ms (0%)","90"
"java.util.Collections$SingletonList.iterator ()","0.049 ms (0%)","0.059 ms (0%)","0.084 ms (0%)","0.081 ms (0%)","79"
"java.nio.MappedByteBuffer.position (int)","0.045 ms (0%)","0.059 ms (0%)","0.137 ms (0%)","0.133 ms (0%)","91"
"java.lang.ClassLoader.defineClassSourceLocation (java.security.ProtectionDomain)","0.050 ms (0%)","0.057 ms (0%)","1.2 ms (0%)","0.962 ms (0%)","45"
"java.util.ArrayList$SubList.size ()","0.053 ms (0%)","0.057 ms (0%)","0.081 ms (0%)","0.081 ms (0%)","26"
"java.util.concurrent.CopyOnWriteArrayList$COWIterator.next ()","0.046 ms (0%)","0.055 ms (0%)","0.067 ms (0%)","0.066 ms (0%)","24"
"java.util.Collections$SetFromMap.add (Object)","0.062 ms (0%)","0.054 ms (0%)","0.328 ms (0%)","0.314 ms (0%)","45"
"java.lang.Integer.parseInt (CharSequence, int, int, int)","0.056 ms (0%)","0.054 ms (0%)","0.156 ms (0%)","0.152 ms (0%)","4"
"java.nio.DirectLongBufferU.ix (int)","0.025 ms (0%)","0.054 ms (0%)","0.025 ms (0%)","0.054 ms (0%)","360"
"org.springframework.samples.petclinic.owner.Pet.addVisit (org.springframework.samples.petclinic.owner.Visit)","0.050 ms (0%)","0.053 ms (0%)","0.154 ms (0%)","0.147 ms (0%)","12"
"java.util.EnumSet.typeCheck (Enum)","0.062 ms (0%)","0.053 ms (0%)","0.062 ms (0%)","0.053 ms (0%)","255"
"java.util.TreeSet.add (Object)","0.052 ms (0%)","0.052 ms (0%)","1.11 ms (0%)","1.10 ms (0%)","30"
"java.util.EnumMap.get (Object)","0.050 ms (0%)","0.051 ms (0%)","0.071 ms (0%)","0.072 ms (0%)","6"
"java.lang.System$2.findBootstrapClassOrNull (String)","0.041 ms (0%)","0.051 ms (0%)","0.632 ms (0%)","0.636 ms (0%)","48"
"java.lang.Thread.interrupted ()","0.041 ms (0%)","0.051 ms (0%)","0.051 ms (0%)","0.060 ms (0%)","45"
"java.util.zip.Inflater.setInput (byte[], int, int)","0.042 ms (0%)","0.051 ms (0%)","0.073 ms (0%)","0.061 ms (0%)","49"
"java.util.Collections$UnmodifiableMap$UnmodifiableEntrySet$1.next ()","0.044 ms (0%)","0.049 ms (0%)","0.087 ms (0%)","0.092 ms (0%)","52"
"java.util.ArrayDeque.add (Object)","0.035 ms (0%)","0.049 ms (0%)","0.079 ms (0%)","0.087 ms (0%)","45"
"java.util.TimeZone.toZoneId ()","0.050 ms (0%)","0.047 ms (0%)","0.050 ms (0%)","0.047 ms (0%)","84"
"java.lang.Math.min (long, long)","0.035 ms (0%)","0.047 ms (0%)","0.035 ms (0%)","0.047 ms (0%)","95"
"java.time.LocalDate.of (int, java.time.Month, int)","0.044 ms (0%)","0.047 ms (0%)","0.078 ms (0%)","0.077 ms (0%)","2"
"java.net.URL.toString ()","0.058 ms (0%)","0.047 ms (0%)","1.97 ms (0%)","1.84 ms (0%)","89"
"java.util.Collections.unmodifiableList (java.util.List)","0.047 ms (0%)","0.047 ms (0%)","0.047 ms (0%)","0.047 ms (0%)","12"
"java.util.ImmutableCollections$Set12$1.hasNext ()","0.040 ms (0%)","0.045 ms (0%)","0.040 ms (0%)","0.045 ms (0%)","165"
"java.util.Collections.singletonIterator (Object)","0.051 ms (0%)","0.044 ms (0%)","0.051 ms (0%)","0.044 ms (0%)","239"
"java.util.IdentityHashMap$IdentityHashMapIterator.nextIndex ()","0.037 ms (0%)","0.043 ms (0%)","0.037 ms (0%)","0.043 ms (0%)","53"
"java.security.AccessController.doPrivileged (java.security.PrivilegedAction)","0.038 ms (0%)","0.043 ms (0%)","0.803 ms (0%)","0.775 ms (0%)","20"
"java.lang.Integer.stringSize (int)","0.043 ms (0%)","0.042 ms (0%)","0.043 ms (0%)","0.042 ms (0%)","164"
"java.util.zip.Inflater.needsInput ()","0.047 ms (0%)","0.042 ms (0%)","0.054 ms (0%)","0.051 ms (0%)","114"
"java.util.TreeMap.successor (java.util.TreeMap.Entry)","0.036 ms (0%)","0.041 ms (0%)","0.036 ms (0%)","0.041 ms (0%)","58"
"java.net.URLClassLoader$1.run ()","0.033 ms (0%)","0.041 ms (0%)","643 ms (4%)","349 ms (5%)","45"
"java.nio.Buffer$1.acquireSession (java.nio.Buffer)","0.052 ms (0%)","0.041 ms (0%)","0.066 ms (0%)","0.057 ms (0%)","91"
"org.springframework.samples.petclinic.owner.PetValidator.supports (Class)","0.037 ms (0%)","0.040 ms (0%)","0.037 ms (0%)","0.040 ms (0%)","12"
"java.util.Collections$1.next ()","0.035 ms (0%)","0.040 ms (0%)","0.035 ms (0%)","0.040 ms (0%)","239"
"java.util.ArrayDeque.addLast (Object)","0.036 ms (0%)","0.040 ms (0%)","0.048 ms (0%)","0.046 ms (0%)","56"
"org.springframework.samples.petclinic.owner.PetValidator.validate (Object, org.springframework.validation.Errors)","0.041 ms (0%)","0.039 ms (0%)","0.067 ms (0%)","0.067 ms (0%)","7"
"java.util.ImmutableCollections$Set12.iterator ()","0.044 ms (0%)","0.039 ms (0%)","0.044 ms (0%)","0.039 ms (0%)","55"
"java.util.concurrent.CopyOnWriteArrayList$COWIterator.hasNext ()","0.038 ms (0%)","0.039 ms (0%)","0.038 ms (0%)","0.039 ms (0%)","60"
"java.util.zip.Inflater.ensureOpen ()","0.042 ms (0%)","0.038 ms (0%)","0.042 ms (0%)","0.038 ms (0%)","159"
"java.util.TreeMap$KeySet.iterator ()","0.035 ms (0%)","0.037 ms (0%)","0.116 ms (0%)","0.114 ms (0%)","18"
"java.util.TreeMap.addEntryToEmptyMap (Object, Object)","0.034 ms (0%)","0.037 ms (0%)","0.198 ms (0%)","0.198 ms (0%)","14"
"java.net.URL.getDefaultPort ()","0.036 ms (0%)","0.037 ms (0%)","0.045 ms (0%)","0.039 ms (0%)","45"
"jdk.internal.loader.ClassLoaders$BootClassLoader.loadClassOrNull (String, boolean)","0.040 ms (0%)","0.036 ms (0%)","0.678 ms (0%)","0.672 ms (0%)","48"
"jdk.internal.loader.URLClassPath$Loader$1.getInputStream ()","0.025 ms (0%)","0.036 ms (0%)","0.025 ms (0%)","0.036 ms (0%)","45"
"java.util.ArrayList$SubList.checkForComodification ()","0.028 ms (0%)","0.036 ms (0%)","0.028 ms (0%)","0.036 ms (0%)","33"
"jdk.internal.loader.URLClassPath$JarLoader.checkJar (java.util.jar.JarFile)","0.025 ms (0%)","0.035 ms (0%)","0.042 ms (0%)","0.043 ms (0%)","45"
"java.util.WeakHashMap.matchesKey (java.util.WeakHashMap.Entry, Object)","0.024 ms (0%)","0.034 ms (0%)","0.049 ms (0%)","0.053 ms (0%)","47"
"java.util.ArrayDeque.inc (int, int)","0.014 ms (0%)","0.034 ms (0%)","0.014 ms (0%)","0.034 ms (0%)","109"
"java.nio.MappedByteBuffer.position (int)","0.027 ms (0%)","0.034 ms (0%)","0.080 ms (0%)","0.078 ms (0%)","91"
"java.util.Collections$EmptyList.size ()","0.026 ms (0%)","0.034 ms (0%)","0.026 ms (0%)","0.034 ms (0%)","66"
"org.springframework.samples.petclinic.vet.Vet.getNrOfSpecialties ()","0.034 ms (0%)","0.033 ms (0%)","0.041 ms (0%)","0.035 ms (0%)","10"
"java.util.LinkedHashMap$LinkedEntrySet.iterator ()","0.031 ms (0%)","0.033 ms (0%)","0.031 ms (0%)","0.033 ms (0%)","44"
"java.util.concurrent.CopyOnWriteArrayList.iterator ()","0.035 ms (0%)","0.032 ms (0%)","0.035 ms (0%)","0.032 ms (0%)","25"
"java.util.Arrays$ArrayItr.hasNext ()","0.020 ms (0%)","0.032 ms (0%)","0.020 ms (0%)","0.032 ms (0%)","123"
"java.time.LocalDate.isAfter (java.time.chrono.ChronoLocalDate)","0.028 ms (0%)","0.032 ms (0%)","0.038 ms (0%)","0.042 ms (0%)","7"
"java.util.zip.ZipFile$Source.getEntryHash (int)","0.031 ms (0%)","0.032 ms (0%)","0.031 ms (0%)","0.032 ms (0%)","185"
"java.lang.StringBuilder.charAt (int)","0.026 ms (0%)","0.031 ms (0%)","0.059 ms (0%)","0.059 ms (0%)","28"
"java.util.logging.LogManager.getProperty (String)","0.032 ms (0%)","0.031 ms (0%)","0.076 ms (0%)","0.071 ms (0%)","12"
"java.util.ImmutableCollections$Set12$1.next ()","0.034 ms (0%)","0.030 ms (0%)","0.034 ms (0%)","0.030 ms (0%)","110"
"java.util.concurrent.ConcurrentHashMap.setTabAt (java.util.concurrent.ConcurrentHashMap.Node[], int, java.util.concurrent.ConcurrentHashMap.Node)","0.027 ms (0%)","0.030 ms (0%)","0.042 ms (0%)","0.040 ms (0%)","18"
"java.lang.ClassLoader.getNamedPackage (String, Module)","0.036 ms (0%)","0.030 ms (0%)","0.095 ms (0%)","0.088 ms (0%)","45"
"java.lang.Character.digit (int, int)","0.031 ms (0%)","0.030 ms (0%)","0.048 ms (0%)","0.042 ms (0%)","8"
"java.util.AbstractCollection.toArray (Object[])","0.026 ms (0%)","0.030 ms (0%)","0.062 ms (0%)","0.064 ms (0%)","4"
"java.util.TreeMap.leftOf (java.util.TreeMap.Entry)","0.027 ms (0%)","0.029 ms (0%)","0.027 ms (0%)","0.029 ms (0%)","18"
"java.util.ImmutableCollections$MapN.get (Object)","0.027 ms (0%)","0.029 ms (0%)","0.057 ms (0%)","0.056 ms (0%)","27"
"jdk.internal.loader.Resource.cachedInputStream ()","0.037 ms (0%)","0.029 ms (0%)","0.066 ms (0%)","0.064 ms (0%)","90"
"java.util.HashMap.computeIfAbsent (Object, java.util.function.Function)","0.025 ms (0%)","0.028 ms (0%)","0.051 ms (0%)","0.053 ms (0%)","14"
"java.util.AbstractCollection.toArray ()","0.029 ms (0%)","0.028 ms (0%)","0.055 ms (0%)","0.051 ms (0%)","8"
"java.util.ImmutableCollections$MapN.probe (Object)","0.023 ms (0%)","0.027 ms (0%)","0.026 ms (0%)","0.027 ms (0%)","14"
"java.util.Arrays$ArrayList.iterator ()","0.020 ms (0%)","0.026 ms (0%)","0.020 ms (0%)","0.026 ms (0%)","40"
"java.util.TreeMap.navigableKeySet ()","0.021 ms (0%)","0.026 ms (0%)","0.021 ms (0%)","0.026 ms (0%)","18"
"java.security.AccessController.checkContext (java.security.AccessControlContext, Class)","0.020 ms (0%)","0.026 ms (0%)","0.037 ms (0%)","0.038 ms (0%)","45"
"java.util.zip.Inflater.needsDictionary ()","0.019 ms (0%)","0.026 ms (0%)","0.019 ms (0%)","0.026 ms (0%)","114"
"java.util.ArrayDeque.size ()","0.025 ms (0%)","0.026 ms (0%)","0.033 ms (0%)","0.031 ms (0%)","39"
"java.util.logging.LogManager$4.run ()","0.029 ms (0%)","0.026 ms (0%)","0.103 ms (0%)","0.098 ms (0%)","1"
"java.util.Collections$UnmodifiableMap$UnmodifiableEntrySet$1.next ()","0.032 ms (0%)","0.025 ms (0%)","0.121 ms (0%)","0.118 ms (0%)","52"
"java.util.IdentityHashMap.resize (int)","0.015 ms (0%)","0.025 ms (0%)","0.015 ms (0%)","0.025 ms (0%)","33"
"jdk.internal.misc.VM.isBooted ()","0.023 ms (0%)","0.025 ms (0%)","0.023 ms (0%)","0.025 ms (0%)","92"
"java.util.zip.Inflater.finished ()","0.021 ms (0%)","0.025 ms (0%)","0.021 ms (0%)","0.025 ms (0%)","114"
"java.nio.Buffer.hasRemaining ()","0.012 ms (0%)","0.025 ms (0%)","0.012 ms (0%)","0.025 ms (0%)","221"
"java.util.Collections$EmptyList.toArray ()","0.020 ms (0%)","0.025 ms (0%)","0.020 ms (0%)","0.025 ms (0%)","32"
"java.util.Collections$SingletonList.size ()","0.027 ms (0%)","0.025 ms (0%)","0.027 ms (0%)","0.025 ms (0%)","71"
"java.lang.Character.digit (char, int)","0.020 ms (0%)","0.025 ms (0%)","0.071 ms (0%)","0.067 ms (0%)","8"
"org.springframework.samples.petclinic.system.WelcomeController.welcome ()","0.028 ms (0%)","0.024 ms (0%)","0.028 ms (0%)","0.024 ms (0%)","2"
"java.util.TreeMap.setColor (java.util.TreeMap.Entry, boolean)","0.019 ms (0%)","0.024 ms (0%)","0.019 ms (0%)","0.024 ms (0%)","20"
"java.util.zip.ZipFile.ensureOpen ()","0.019 ms (0%)","0.024 ms (0%)","0.019 ms (0%)","0.024 ms (0%)","90"
"java.util.HashSet.toArray ()","0.019 ms (0%)","0.024 ms (0%)","0.026 ms (0%)","0.028 ms (0%)","10"
"org.springframework.samples.petclinic.owner.OwnerController.initCreationForm (java.util.Map)","0.025 ms (0%)","0.023 ms (0%)","0.119 ms (0%)","0.118 ms (0%)","1"
"java.util.TreeMap$PrivateEntryIterator.hasNext ()","0.029 ms (0%)","0.023 ms (0%)","0.029 ms (0%)","0.023 ms (0%)","83"
"jdk.internal.logger.DefaultLoggerFinder$1.run ()","0.027 ms (0%)","0.023 ms (0%)","0.050 ms (0%)","0.046 ms (0%)","2"
"java.util.AbstractList$Itr.next ()","0.021 ms (0%)","0.022 ms (0%)","0.030 ms (0%)","0.029 ms (0%)","12"
"jdk.internal.loader.URLClassPath$JarLoader.ensureOpen ()","0.016 ms (0%)","0.022 ms (0%)","0.016 ms (0%)","0.022 ms (0%)","90"
"org.springframework.samples.petclinic.owner.PetController.initUpdateForm (org.springframework.samples.petclinic.owner.Owner, int, org.springframework.ui.ModelMap, org.springframework.web.servlet.mvc.support.RedirectAttributes)","0.022 ms (0%)","0.021 ms (0%)","0.088 ms (0%)","0.088 ms (0%)","2"
"java.util.WeakHashMap.maskNull (Object)","0.012 ms (0%)","0.021 ms (0%)","0.012 ms (0%)","0.021 ms (0%)","141"
"java.util.jar.JarFile.checkForSpecialAttributes ()","0.016 ms (0%)","0.021 ms (0%)","0.016 ms (0%)","0.021 ms (0%)","90"
"java.util.zip.ZipFile$Source.getEntryNext (int)","0.020 ms (0%)","0.021 ms (0%)","0.020 ms (0%)","0.021 ms (0%)","185"
"java.util.ArrayDeque.elementAt (Object[], int)","0.011 ms (0%)","0.021 ms (0%)","0.011 ms (0%)","0.021 ms (0%)","101"
"java.lang.String.valueOf (Object)","0.021 ms (0%)","0.021 ms (0%)","0.071 ms (0%)","0.072 ms (0%)","10"
"java.util.logging.LogManager.createLoggerHandlers (String, String)","0.022 ms (0%)","0.021 ms (0%)","0.047 ms (0%)","0.046 ms (0%)","1"
"java.lang.ClassLoader.getSystemClassLoader ()","0.020 ms (0%)","0.021 ms (0%)","0.026 ms (0%)","0.026 ms (0%)","6"
"java.util.AbstractCollection.isEmpty ()","0.046 ms (0%)","0.021 ms (0%)","0.053 ms (0%)","0.032 ms (0%)","18"
"java.util.LinkedHashMap$LinkedValues.iterator ()","0.019 ms (0%)","0.020 ms (0%)","0.019 ms (0%)","0.020 ms (0%)","17"
"java.util.Collections$UnmodifiableMap$UnmodifiableEntrySet$1.hasNext ()","0.022 ms (0%)","0.020 ms (0%)","0.029 ms (0%)","0.026 ms (0%)","68"
"java.util.Collections$EmptySet.size ()","0.014 ms (0%)","0.020 ms (0%)","0.014 ms (0%)","0.020 ms (0%)","41"
"java.util.Collections$UnmodifiableCollection.size ()","0.025 ms (0%)","0.020 ms (0%)","0.031 ms (0%)","0.024 ms (0%)","42"
"java.util.ArrayList.isEmpty ()","0.021 ms (0%)","0.020 ms (0%)","0.021 ms (0%)","0.020 ms (0%)","115"
"java.lang.Long.valueOf (long)","0.018 ms (0%)","0.020 ms (0%)","0.018 ms (0%)","0.020 ms (0%)","42"
"org.springframework.samples.petclinic.owner.Owner.addVisit (Integer, org.springframework.samples.petclinic.owner.Visit)","0.018 ms (0%)","0.019 ms (0%)","0.098 ms (0%)","0.099 ms (0%)","4"
"java.util.TreeMap$Values.iterator ()","0.010 ms (0%)","0.019 ms (0%)","0.013 ms (0%)","0.014 ms (0%)","7"
"java.util.Arrays$ArrayItr.next ()","0.008 ms (0%)","0.019 ms (0%)","0.008 ms (0%)","0.019 ms (0%)","83"
"jdk.internal.perf.PerfCounter.addTime (long)","0.014 ms (0%)","0.019 ms (0%)","0.255 ms (0%)","0.253 ms (0%)","45"
"java.util.zip.InflaterInputStream.ensureOpen ()","0.016 ms (0%)","0.019 ms (0%)","0.016 ms (0%)","0.019 ms (0%)","163"
"java.util.concurrent.ConcurrentHashMap$EntryIterator.next ()","0.018 ms (0%)","0.019 ms (0%)","0.034 ms (0%)","0.034 ms (0%)","8"
"java.util.HashSet.isEmpty ()","0.023 ms (0%)","0.019 ms (0%)","0.028 ms (0%)","0.025 ms (0%)","28"
"java.util.Collections$UnmodifiableMap$UnmodifiableEntrySet.iterator ()","0.017 ms (0%)","0.018 ms (0%)","0.027 ms (0%)","0.026 ms (0%)","16"
"java.util.TreeMap.getFirstEntry ()","0.017 ms (0%)","0.018 ms (0%)","0.017 ms (0%)","0.018 ms (0%)","25"
"jdk.internal.perf.PerfCounter.increment ()","0.011 ms (0%)","0.018 ms (0%)","0.207 ms (0%)","0.208 ms (0%)","45"
"jdk.internal.loader.BuiltinClassLoader.hasClassPath ()","0.012 ms (0%)","0.018 ms (0%)","0.012 ms (0%)","0.018 ms (0%)","90"
"java.util.TreeMap.get (Object)","0.024 ms (0%)","0.018 ms (0%)","0.070 ms (0%)","0.068 ms (0%)","12"
"java.util.HashSet.size ()","0.015 ms (0%)","0.018 ms (0%)","0.015 ms (0%)","0.018 ms (0%)","55"
"java.lang.AbstractStringBuilder.charAt (int)","0.019 ms (0%)","0.018 ms (0%)","0.032 ms (0%)","0.028 ms (0%)","28"
"java.util.logging.LogManager.getBooleanProperty (String, boolean)","0.019 ms (0%)","0.018 ms (0%)","0.059 ms (0%)","0.056 ms (0%)","1"
"org.springframework.samples.petclinic.owner.OwnerController.initFindForm ()","0.018 ms (0%)","0.017 ms (0%)","0.018 ms (0%)","0.017 ms (0%)","2"
"org.springframework.samples.petclinic.owner.PetTypeFormatter.print (org.springframework.samples.petclinic.owner.PetType, java.util.Locale)","0.016 ms (0%)","0.017 ms (0%)","0.016 ms (0%)","0.017 ms (0%)","32"
"java.time.LocalDateTime.of (java.time.LocalDate, java.time.LocalTime)","0.019 ms (0%)","0.017 ms (0%)","0.021 ms (0%)","0.020 ms (0%)","2"
"java.security.CodeSource.getCertificates ()","0.016 ms (0%)","0.017 ms (0%)","0.016 ms (0%)","0.017 ms (0%)","90"
"java.util.ImmutableCollections$SetN.iterator ()","0.012 ms (0%)","0.016 ms (0%)","0.012 ms (0%)","0.016 ms (0%)","16"
"java.util.concurrent.ConcurrentHashMap$EntryIterator.next ()","0.017 ms (0%)","0.016 ms (0%)","0.051 ms (0%)","0.051 ms (0%)","8"
"jdk.internal.perf.PerfCounter.getReadClassBytesTime ()","0.014 ms (0%)","0.016 ms (0%)","0.014 ms (0%)","0.016 ms (0%)","45"
"java.lang.Module.isNamed ()","0.020 ms (0%)","0.016 ms (0%)","0.020 ms (0%)","0.016 ms (0%)","92"
"jdk.internal.logger.DefaultLoggerFinder$1.run ()","0.017 ms (0%)","0.016 ms (0%)","0.067 ms (0%)","0.062 ms (0%)","2"
"java.util.logging.LogManager$4.run ()","0.015 ms (0%)","0.016 ms (0%)","0.118 ms (0%)","0.114 ms (0%)","1"
"java.util.logging.LogManager.setLoggerHandlers (java.util.logging.Logger, String, String, java.util.List)","0.019 ms (0%)","0.016 ms (0%)","0.026 ms (0%)","0.024 ms (0%)","1"
"java.util.logging.LogManager$LoggerContext$1.run ()","0.015 ms (0%)","0.015 ms (0%)","0.381 ms (0%)","0.363 ms (0%)","1"
"java.util.TreeMap.getEntry (Object)","0.012 ms (0%)","0.015 ms (0%)","0.027 ms (0%)","0.028 ms (0%)","6"
"org.springframework.samples.petclinic.owner.VisitController.initNewVisitForm ()","0.013 ms (0%)","0.013 ms (0%)","0.013 ms (0%)","0.013 ms (0%)","4"
"java.util.LinkedHashMap.afterNodeRemoval (java.util.HashMap.Node)","0.007 ms (0%)","0.013 ms (0%)","0.007 ms (0%)","0.013 ms (0%)","21"
"java.time.zone.ZoneOffsetTransitionRule$TimeDefinition.createDateTime (java.time.LocalDateTime, java.time.ZoneOffset, java.time.ZoneOffset)","0.013 ms (0%)","0.013 ms (0%)","0.013 ms (0%)","0.013 ms (0%)","2"
"java.util.WeakHashMap.indexFor (int, int)","0.006 ms (0%)","0.013 ms (0%)","0.006 ms (0%)","0.013 ms (0%)","141"
"java.util.Map.computeIfAbsent (Object, java.util.function.Function)","0.010 ms (0%)","0.013 ms (0%)","0.016 ms (0%)","0.017 ms (0%)","2"
"java.util.RegularEnumSet.size ()","0.014 ms (0%)","0.013 ms (0%)","0.019 ms (0%)","0.016 ms (0%)","4"
"java.util.concurrent.ConcurrentHashMap$EntrySetView.iterator ()","0.011 ms (0%)","0.012 ms (0%)","0.014 ms (0%)","0.014 ms (0%)","1"
"java.util.TreeMap.colorOf (java.util.TreeMap.Entry)","0.011 ms (0%)","0.012 ms (0%)","0.011 ms (0%)","0.012 ms (0%)","8"
"jdk.internal.loader.URLClassPath$Loader$1.getCodeSourceURL ()","0.014 ms (0%)","0.012 ms (0%)","0.014 ms (0%)","0.012 ms (0%)","45"
"java.lang.ClassLoader.compareCerts (java.security.cert.Certificate[], java.security.cert.Certificate[])","0.006 ms (0%)","0.012 ms (0%)","0.006 ms (0%)","0.012 ms (0%)","44"
"java.util.EnumMap.isValidKey (Object)","0.012 ms (0%)","0.012 ms (0%)","0.012 ms (0%)","0.012 ms (0%)","6"
"org.springframework.samples.petclinic.system.CrashController.triggerException ()","0.011 ms (0%)","0.011 ms (0%)","0.023 ms (0%)","0.023 ms (0%)","1"
"java.util.ImmutableCollections$SetN$SetNIterator.next ()","0.009 ms (0%)","0.011 ms (0%)","0.009 ms (0%)","0.011 ms (0%)","30"
"java.util.AbstractList$Itr.hasNext ()","0.007 ms (0%)","0.011 ms (0%)","0.010 ms (0%)","0.013 ms (0%)","18"
"java.lang.StringBuilder.append (Object)","0.011 ms (0%)","0.011 ms (0%)","0.093 ms (0%)","0.095 ms (0%)","4"
"java.lang.Thread.getAndClearInterrupt ()","0.009 ms (0%)","0.011 ms (0%)","0.009 ms (0%)","0.011 ms (0%)","45"
"java.util.ArrayDeque.sub (int, int, int)","0.007 ms (0%)","0.011 ms (0%)","0.007 ms (0%)","0.011 ms (0%)","45"
"jdk.internal.misc.Unsafe.putReferenceRelease (Object, long, Object)","0.010 ms (0%)","0.011 ms (0%)","0.010 ms (0%)","0.011 ms (0%)","18"
"java.util.Properties.getProperty (String)","0.010 ms (0%)","0.011 ms (0%)","0.043 ms (0%)","0.041 ms (0%)","12"
"java.util.concurrent.ConcurrentHashMap.sumCount ()","0.006 ms (0%)","0.010 ms (0%)","0.006 ms (0%)","0.010 ms (0%)","9"
"java.time.DayOfWeek.getValue ()","0.008 ms (0%)","0.009 ms (0%)","0.008 ms (0%)","0.009 ms (0%)","4"
"java.lang.ref.ReferenceQueue.poll0 ()","0.009 ms (0%)","0.009 ms (0%)","0.009 ms (0%)","0.009 ms (0%)","18"
"java.util.concurrent.locks.AbstractQueuedSynchronizer.acquire (int)","0.010 ms (0%)","0.009 ms (0%)","0.014 ms (0%)","0.013 ms (0%)","1"
"jdk.internal.perf.PerfCounter.getParentDelegationTime ()","0.006 ms (0%)","0.009 ms (0%)","0.006 ms (0%)","0.009 ms (0%)","45"
"org.springframework.samples.petclinic.vet.Vet.getSpecialtiesInternal ()","0.007 ms (0%)","0.008 ms (0%)","0.007 ms (0%)","0.008 ms (0%)","20"
"java.util.Locale.getLanguage ()","0.011 ms (0%)","0.008 ms (0%)","0.011 ms (0%)","0.008 ms (0%)","64"
"jdk.internal.perf.PerfCounter.getFindClasses ()","0.003 ms (0%)","0.008 ms (0%)","0.003 ms (0%)","0.008 ms (0%)","45"
"java.util.LinkedHashMap$LinkedValues.size ()","0.006 ms (0%)","0.008 ms (0%)","0.006 ms (0%)","0.008 ms (0%)","16"
"java.util.Objects.checkFromToIndex (int, int, int)","0.007 ms (0%)","0.008 ms (0%)","0.009 ms (0%)","0.008 ms (0%)","4"
"java.lang.CharacterDataLatin1.digit (int, int)","0.007 ms (0%)","0.008 ms (0%)","0.007 ms (0%)","0.008 ms (0%)","8"
"java.util.Collections$EmptyList.isEmpty ()","0.010 ms (0%)","0.008 ms (0%)","0.010 ms (0%)","0.008 ms (0%)","44"
"java.util.HashMap.isEmpty ()","0.009 ms (0%)","0.008 ms (0%)","0.009 ms (0%)","0.008 ms (0%)","53"
"java.util.TreeMap$Values.size ()","0.006 ms (0%)","0.007 ms (0%)","0.006 ms (0%)","0.007 ms (0%)","7"
"java.lang.Module.getClassLoader ()","0.007 ms (0%)","0.007 ms (0%)","0.008 ms (0%)","0.009 ms (0%)","2"
"java.util.logging.LogManager.parseClassNames (String)","0.005 ms (0%)","0.007 ms (0%)","0.025 ms (0%)","0.025 ms (0%)","1"
"java.util.ImmutableCollections$SetN$SetNIterator.hasNext ()","0.006 ms (0%)","0.006 ms (0%)","0.006 ms (0%)","0.006 ms (0%)","44"
"java.time.Month.getValue ()","0.006 ms (0%)","0.006 ms (0%)","0.006 ms (0%)","0.006 ms (0%)","2"
"java.util.jar.Attributes.put (Object, Object)","0.007 ms (0%)","0.006 ms (0%)","0.027 ms (0%)","0.025 ms (0%)","12"
"java.util.TreeMap.rotateLeft (java.util.TreeMap.Entry)","0.007 ms (0%)","0.006 ms (0%)","0.007 ms (0%)","0.006 ms (0%)","4"
"jdk.internal.loader.Resource.getManifest ()","0.003 ms (0%)","0.006 ms (0%)","0.003 ms (0%)","0.006 ms (0%)","45"
"java.util.concurrent.CopyOnWriteArrayList.add (Object)","0.005 ms (0%)","0.005 ms (0%)","0.008 ms (0%)","0.008 ms (0%)","2"
"java.util.Collections$EmptyMap.get (Object)","0.002 ms (0%)","0.005 ms (0%)","0.002 ms (0%)","0.005 ms (0%)","23"
"java.util.ImmutableCollections$List12.size ()","0.005 ms (0%)","0.005 ms (0%)","0.005 ms (0%)","0.005 ms (0%)","18"
"java.util.EnumMap.unmaskNull (Object)","0.005 ms (0%)","0.005 ms (0%)","0.005 ms (0%)","0.005 ms (0%)","6"
"java.util.Collections$UnmodifiableCollection.isEmpty ()","0.009 ms (0%)","0.005 ms (0%)","0.012 ms (0%)","0.011 ms (0%)","12"
"java.util.AbstractList$Itr.checkForComodification ()","0.005 ms (0%)","0.005 ms (0%)","0.005 ms (0%)","0.005 ms (0%)","6"
"jdk.internal.misc.VM.isModuleSystemInited ()","0.007 ms (0%)","0.004 ms (0%)","0.007 ms (0%)","0.004 ms (0%)","45"
"jdk.internal.loader.Resource.getCodeSigners ()","0.003 ms (0%)","0.004 ms (0%)","0.003 ms (0%)","0.004 ms (0%)","45"
"java.util.Arrays$ArrayList.toArray ()","0.006 ms (0%)","0.004 ms (0%)","0.010 ms (0%)","0.009 ms (0%)","7"
"java.util.HashMap$EntrySet.size ()","0.002 ms (0%)","0.004 ms (0%)","0.002 ms (0%)","0.004 ms (0%)","4"
"java.util.concurrent.locks.ReentrantLock$NonfairSync.tryAcquire (int)","0.003 ms (0%)","0.004 ms (0%)","0.004 ms (0%)","0.004 ms (0%)","1"
"java.util.HashMap.keysToArray (Object[])","0.006 ms (0%)","0.004 ms (0%)","0.006 ms (0%)","0.004 ms (0%)","10"
"java.util.TreeMap$ValueIterator.next ()","0.004 ms (0%)","0.003 ms (0%)","0.012 ms (0%)","0.010 ms (0%)","8"
"java.util.concurrent.ConcurrentHashMap$KeySetView.add (Object)","0.001 ms (0%)","0.003 ms (0%)","0.021 ms (0%)","0.021 ms (0%)","3"
"jdk.internal.perf.PerfCounter.getFindClassTime ()","0.003 ms (0%)","0.003 ms (0%)","0.003 ms (0%)","0.003 ms (0%)","45"
"java.lang.Long.bitCount (long)","0.002 ms (0%)","0.003 ms (0%)","0.002 ms (0%)","0.003 ms (0%)","3"
"java.util.concurrent.CopyOnWriteArraySet.iterator ()","0.004 ms (0%)","0.002 ms (0%)","0.007 ms (0%)","0.004 ms (0%)","10"
"java.util.Collections$SingletonSet.size ()","0.003 ms (0%)","0.002 ms (0%)","0.003 ms (0%)","0.002 ms (0%)","3"
"java.util.ImmutableCollections$ListN.size ()","0.002 ms (0%)","0.002 ms (0%)","0.002 ms (0%)","0.002 ms (0%)","6"
"org.springframework.samples.petclinic.vet.Vets.getVetList ()","0.003 ms (0%)","0.002 ms (0%)","0.003 ms (0%)","0.002 ms (0%)","2"
"jdk.internal.misc.VM.initLevel ()","0.0 ms (0%)","0.002 ms (0%)","0.0 ms (0%)","0.002 ms (0%)","6"
"java.util.Arrays$ArrayList.get (int)","0.002 ms (0%)","0.002 ms (0%)","0.002 ms (0%)","0.002 ms (0%)","6"
"java.util.ImmutableCollections$List12.isEmpty ()","0.001 ms (0%)","0.001 ms (0%)","0.001 ms (0%)","0.001 ms (0%)","2"
"java.lang.Math.floorMod (int, int)","0.001 ms (0%)","0.001 ms (0%)","0.001 ms (0%)","0.001 ms (0%)","15"
"java.util.Collections$EmptySet.isEmpty ()","0.003 ms (0%)","0.001 ms (0%)","0.003 ms (0%)","0.001 ms (0%)","8"
"java.util.TreeMap.rightOf (java.util.TreeMap.Entry)","0.0 ms (0%)","0.0 ms (0%)","0.0 ms (0%)","0.0 ms (0%)","2"
"java.util.LinkedHashMap$LinkedKeySet.size ()","0.0 ms (0%)","0.0 ms (0%)","0.0 ms (0%)","0.0 ms (0%)","1"
